--ALTER SEQUENCE funding INCREMENT BY 2000;
--SELECT funding.NEXTVAL FROM DUAL;
--ALTER SEQUENCE funding INCREMENT BY 1;
--commit;
--[마이페이지(크리에이터)]-----------목록에 엑박뜰때 테스트 프로젝트 지우기
DELETE FROM kk_funding WHERE fun_proj IN (SELECT proj_no FROM kk_project WHERE proj_id='creator');
DELETE FROM kk_project WHERE proj_id='creator';
DELETE FROM kk_creator WHERE cr_id='creator';
DELETE FROM kk_member WHERE mem_id='creator';
-----------------------------------------------------------
DELETE FROM kk_funding WHERE fun_id='mypage';
DELETE FROM kk_member WHERE mem_id='mypage';
DELETE FROM kk_funding WHERE fun_proj=(SELECT proj_no FROM kk_project WHERE proj_title= '성공한 프로젝트 테스트');
DELETE FROM kk_project WHERE proj_title= '성공한 프로젝트 테스트';
DELETE FROM kk_member WHERE mem_email='test@naver.com';

INSERT INTO kk_member VALUES ('creator', '1111', '김태일', '01022706612', 'typhoon198@gmail.com');
INSERT INTO kk_creator VALUES ('creator', '크리에이터1', '크리에이터1의 소개입니다. 감사합니다.', '김태일', '우리', '7777-7777-7778');
INSERT INTO kk_project VALUES (project.NEXTVAL, 'creator', '1', '유기견들의 겨울을 밝히는 ‘소이 메시지캔들’', '요약','내용','18000', '200', '400', '329', '0', '2020/08/01', '2020/10/01', '2020/11/05', '420', '1');
INSERT INTO kk_project VALUES (project.NEXTVAL, 'creator', '1', '[클래시아트] 취미로의 첫 여행 : 투톤 젤캔들만들기 키트','요약','내용','39000', '100', '500', '120', '120', '2020/08/18', '2020/09/18', '2020/10/18', '0', '1');
INSERT INTO kk_project VALUES (project.NEXTVAL, 'creator', '5', '새로운 연결, <생명평화 멋단추>', '요약', '내용', '23000', '100', '200', '50', '50', '2020/07/01', '2020/07/18', '2020/08/17', '0', '0');
INSERT INTO kk_project VALUES (project.NEXTVAL, 'creator', '1', '유기견들의 겨울을 밝히는 ‘소이 메시지캔들’', '요약','내용','18000', '200', '400', '329', '0', '2021/08/01', '2020/10/01', '2020/11/05', '420', '1');
INSERT INTO kk_project VALUES (project.NEXTVAL, 'creator', '1', '[클래시아트] 취미로의 첫 여행 : 투톤 젤캔들만들기 키트','요약','내용','39000', '100', '500', '120', '120', '2020/08/18', '2020/09/18', '2020/10/18', '0', '1');
INSERT INTO kk_project VALUES (project.NEXTVAL, 'creator', '5', '새로운 연결, <생명평화 멋단추>', '요약', '내용', '23000', '100', '200', '50', '50', '2020/07/01', '2020/07/18', '2020/08/17', '0', '0');
INSERT INTO kk_project VALUES (project.NEXTVAL, 'creator', '5', '테이블을 특별하게 만들어줄 영국감성 TEA TIME KIT', '요약', '내용', '75000', '100', '150', '100', '100', '2020/07/04', '2020/08/09', '2021/09/08', '0', '0');
INSERT INTO kk_project VALUES (project.NEXTVAL, 'creator', '5', '당신을 지켜주는 영물, 메롱해치 자수 KIT', '요약','내용', '34000', '100', '500', '100', '100', '2020/07/07', '2020/08/17', '2020/09/16', '0', '1');
INSERT INTO kk_project VALUES (project.NEXTVAL, 'creator', '1', '유기견들의 겨울을 밝히는 ‘소이 메시지캔들’', '요약','내용','18000', '200', '400', '329', '0', '2021/08/01', '2020/10/01', '2020/11/05', '420', '1');
INSERT INTO kk_project VALUES (project.NEXTVAL, 'creator', '1', '[클래시아트] 취미로의 첫 여행 : 투톤 젤캔들만들기 키트','요약','내용','39000', '100', '500', '120', '120', '2020/08/18', '2020/09/18', '2020/10/18', '0', '1');
INSERT INTO kk_project VALUES (project.NEXTVAL, 'creator', '5', '새로운 연결, <생명평화 멋단추>', '요약', '내용', '23000', '100', '200', '50', '50', '2020/07/01', '2020/07/18', '2020/08/17', '0', '0');
INSERT INTO kk_project VALUES (project.NEXTVAL, 'creator', '5', '테이블을 특별하게 만들어줄 영국감성 TEA TIME KIT', '요약', '내용', '75000', '100', '150', '100', '100', '2020/07/04', '2020/08/09', '2021/09/08', '0', '0');
INSERT INTO kk_project VALUES (project.NEXTVAL, 'creator', '5', '당신을 지켜주는 영물, 메롱해치 자수 KIT', '요약','내용', '34000', '100', '500', '100', '100', '2020/07/07', '2020/08/17', '2020/09/16', '0', '1');
INSERT INTO kk_project VALUES (project.NEXTVAL, 'creator', '5', '포근한 겨울 준비를 위한 메리노 양모 자이언트 담요', '요약', '내용', '68200', '100', '500', '100', '100', '2020/07/10', '2020/09/09', '2020/10/09', '0', '1');
INSERT INTO kk_project VALUES (project.NEXTVAL, 'creator', '5', '이제 그만 자수하세요. 전통 자수 DIY 키트', '요약', '내용', '28000', '100', '500', '50', '50', '2020/07/13', '2020/08/01', '2020/08/31', '0', '1');
INSERT INTO kk_project VALUES (project.NEXTVAL, 'creator', '2', '[아기냄새] 나만 알고 싶은 살구빛 베이비파우더', '요약', '내용', '33500', '100', '1000', '100', '100', '2020/07/16', '2020/08/17', '2020/09/16', '0', '1');
INSERT INTO kk_project VALUES (project.NEXTVAL, 'creator', '2', '#상큼 #청량 #리프레쉬, 시트러스 아로마틱 향수', '요약', '내용', '60000', '100', '500', '100', '100', '2020/07/19', '2020/08/19', '2020/09/18', '0', '0');
INSERT INTO kk_project VALUES (project.NEXTVAL, 'creator', '2', '[독보적잔향] 모네의 들꽃 정원을 담은 향수', '요약', '내용', '54900', '100', '100', '50', '50', '2020/07/22', '2020/08/06', '2020/09/05', '0', '1');
INSERT INTO kk_project VALUES (project.NEXTVAL, 'creator', '2', '빵순이 마녀의 달콤한 유혹,헨젤과 그레텔 with 버터크림', '내용', '요약', '10000', '100', '100', '100', '100', '2020/07/25', '2020/08/12', '2020/09/11', '0', '1');
INSERT INTO kk_project VALUES (project.NEXTVAL, 'creator', '2', '코코넛 럼 향기 가득, 달콤한 파인애플 칵테일 #피나콜라다', '내용', '요약', '29500', '100', '100', '100', '100', '2020/07/28', '2020/08/24', '2021/09/23', '0', '1');
INSERT INTO kk_project VALUES (project.NEXTVAL, 'creator', '1', '유기견들의 겨울을 밝히는 ‘소이 메시지캔들’', '요약','내용','18000', '200', '400', '329', '0', '2021/08/01', '2020/10/01', '2020/11/05', '420', '1');
INSERT INTO kk_project VALUES (project.NEXTVAL, 'creator', '1', '[클래시아트] 취미로의 첫 여행 : 투톤 젤캔들만들기 키트','요약','내용','39000', '100', '500', '120', '120', '2020/08/18', '2020/09/18', '2020/10/18', '0', '1');
INSERT INTO kk_project VALUES (project.NEXTVAL, 'creator', '5', '새로운 연결, <생명평화 멋단추>', '요약', '내용', '23000', '100', '200', '50', '50', '2020/07/01', '2020/07/18', '2020/08/17', '0', '0');
INSERT INTO kk_project VALUES (project.NEXTVAL, 'creator', '5', '테이블을 특별하게 만들어줄 영국감성 TEA TIME KIT', '요약', '내용', '75000', '100', '150', '100', '100', '2020/07/04', '2020/08/09', '2021/09/08', '0', '0');
INSERT INTO kk_project VALUES (project.NEXTVAL, 'creator', '5', '당신을 지켜주는 영물, 메롱해치 자수 KIT', '요약','내용', '34000', '100', '500', '100', '100', '2020/07/07', '2020/08/17', '2020/09/16', '0', '1');
INSERT INTO kk_project VALUES (project.NEXTVAL, 'creator', '5', '포근한 겨울 준비를 위한 메리노 양모 자이언트 담요', '요약', '내용', '68200', '100', '500', '100', '100', '2020/07/10', '2020/09/09', '2020/10/09', '0', '1');
INSERT INTO kk_project VALUES (project.NEXTVAL, 'creator', '5', '이제 그만 자수하세요. 전통 자수 DIY 키트', '요약', '내용', '28000', '100', '500', '50', '50', '2020/07/13', '2020/08/01', '2020/08/31', '0', '1');
INSERT INTO kk_project VALUES (project.NEXTVAL, 'creator', '2', '[아기냄새] 나만 알고 싶은 살구빛 베이비파우더', '요약', '내용', '33500', '100', '1000', '100', '100', '2020/07/16', '2020/08/17', '2020/09/16', '0', '1');
INSERT INTO kk_project VALUES (project.NEXTVAL, 'creator', '2', '#상큼 #청량 #리프레쉬, 시트러스 아로마틱 향수', '요약', '내용', '60000', '100', '500', '100', '100', '2020/07/19', '2020/08/19', '2020/09/18', '0', '0');
INSERT INTO kk_project VALUES (project.NEXTVAL, 'creator', '2', '[독보적잔향] 모네의 들꽃 정원을 담은 향수', '요약', '내용', '54900', '100', '100', '50', '50', '2020/07/22', '2020/08/06', '2020/09/05', '0', '1');
INSERT INTO kk_project VALUES (project.NEXTVAL, 'creator', '2', '빵순이 마녀의 달콤한 유혹,헨젤과 그레텔 with 버터크림', '내용', '요약', '10000', '100', '100', '100', '100', '2020/07/25', '2020/08/12', '2020/09/11', '0', '1');
INSERT INTO kk_project VALUES (project.NEXTVAL, 'creator', '2', '코코넛 럼 향기 가득, 달콤한 파인애플 칵테일 #피나콜라다', '내용', '요약', '29500', '100', '100', '100', '100', '2020/07/28', '2020/08/24', '2021/09/23', '0', '1');
INSERT INTO kk_project VALUES (project.NEXTVAL, 'creator', '1', '유기견들의 겨울을 밝히는 ‘소이 메시지캔들’', '요약','내용','18000', '200', '400', '329', '0', '2021/08/01', '2020/10/01', '2020/11/05', '420', '1');
INSERT INTO kk_project VALUES (project.NEXTVAL, 'creator', '1', '[클래시아트] 취미로의 첫 여행 : 투톤 젤캔들만들기 키트','요약','내용','39000', '100', '500', '120', '120', '2020/08/18', '2020/09/18', '2020/10/18', '0', '1');
INSERT INTO kk_project VALUES (project.NEXTVAL, 'creator', '5', '새로운 연결, <생명평화 멋단추>', '요약', '내용', '23000', '100', '200', '50', '50', '2020/07/01', '2020/07/18', '2020/08/17', '0', '0');
INSERT INTO kk_project VALUES (project.NEXTVAL, 'creator', '5', '테이블을 특별하게 만들어줄 영국감성 TEA TIME KIT', '요약', '내용', '75000', '100', '150', '100', '100', '2020/07/04', '2020/08/09', '2021/09/08', '0', '0');
INSERT INTO kk_project VALUES (project.NEXTVAL, 'creator', '5', '당신을 지켜주는 영물, 메롱해치 자수 KIT', '요약','내용', '34000', '100', '500', '100', '100', '2020/07/07', '2020/08/17', '2020/09/16', '0', '1');
INSERT INTO kk_project VALUES (project.NEXTVAL, 'creator', '5', '포근한 겨울 준비를 위한 메리노 양모 자이언트 담요', '요약', '내용', '68200', '100', '500', '100', '100', '2020/07/10', '2020/09/09', '2020/10/09', '0', '1');
INSERT INTO kk_project VALUES (project.NEXTVAL, 'creator', '5', '이제 그만 자수하세요. 전통 자수 DIY 키트', '요약', '내용', '28000', '100', '500', '50', '50', '2020/07/13', '2020/08/01', '2020/08/31', '0', '1');
INSERT INTO kk_project VALUES (project.NEXTVAL, 'creator', '2', '[아기냄새] 나만 알고 싶은 살구빛 베이비파우더', '요약', '내용', '33500', '100', '1000', '100', '100', '2020/07/16', '2020/08/17', '2020/09/16', '0', '1');
INSERT INTO kk_project VALUES (project.NEXTVAL, 'creator', '2', '#상큼 #청량 #리프레쉬, 시트러스 아로마틱 향수', '요약', '내용', '60000', '100', '500', '100', '100', '2020/07/19', '2020/08/19', '2020/09/18', '0', '0');
INSERT INTO kk_project VALUES (project.NEXTVAL, 'creator', '2', '[독보적잔향] 모네의 들꽃 정원을 담은 향수', '요약', '내용', '54900', '100', '100', '50', '50', '2020/07/22', '2020/08/06', '2020/09/05', '0', '1');
INSERT INTO kk_project VALUES (project.NEXTVAL, 'creator', '2', '빵순이 마녀의 달콤한 유혹,헨젤과 그레텔 with 버터크림', '내용', '요약', '10000', '100', '100', '100', '100', '2020/07/25', '2020/08/12', '2020/09/11', '0', '1');
INSERT INTO kk_project VALUES (project.NEXTVAL, 'creator', '2', '코코넛 럼 향기 가득, 달콤한 파인애플 칵테일 #피나콜라다', '내용', '요약', '29500', '100', '100', '100', '100', '2020/07/28', '2020/08/24', '2021/09/23', '0', '1');
INSERT INTO kk_project VALUES (project.NEXTVAL, 'creator', '1', '유기견들의 겨울을 밝히는 ‘소이 메시지캔들’', '요약','내용','18000', '200', '400', '329', '0', '2021/08/01', '2020/10/01', '2020/11/05', '420', '1');
INSERT INTO kk_project VALUES (project.NEXTVAL, 'creator', '1', '[클래시아트] 취미로의 첫 여행 : 투톤 젤캔들만들기 키트','요약','내용','39000', '100', '500', '120', '120', '2020/08/18', '2020/09/18', '2020/10/18', '0', '1');
INSERT INTO kk_project VALUES (project.NEXTVAL, 'creator', '5', '새로운 연결, <생명평화 멋단추>', '요약', '내용', '23000', '100', '200', '50', '50', '2020/07/01', '2020/07/18', '2020/08/17', '0', '0');
INSERT INTO kk_project VALUES (project.NEXTVAL, 'creator', '5', '테이블을 특별하게 만들어줄 영국감성 TEA TIME KIT', '요약', '내용', '75000', '100', '150', '100', '100', '2020/07/04', '2020/08/09', '2021/09/08', '0', '0');
INSERT INTO kk_project VALUES (project.NEXTVAL, 'creator', '5', '당신을 지켜주는 영물, 메롱해치 자수 KIT', '요약','내용', '34000', '100', '500', '100', '100', '2020/07/07', '2020/08/17', '2020/09/16', '0', '1');
INSERT INTO kk_project VALUES (project.NEXTVAL, 'creator', '5', '포근한 겨울 준비를 위한 메리노 양모 자이언트 담요', '요약', '내용', '68200', '100', '500', '100', '100', '2020/07/10', '2020/09/09', '2020/10/09', '0', '1');
INSERT INTO kk_project VALUES (project.NEXTVAL, 'creator', '5', '이제 그만 자수하세요. 전통 자수 DIY 키트', '요약', '내용', '28000', '100', '500', '50', '50', '2020/07/13', '2020/08/01', '2020/08/31', '0', '1');
INSERT INTO kk_project VALUES (project.NEXTVAL, 'creator', '2', '[아기냄새] 나만 알고 싶은 살구빛 베이비파우더', '요약', '내용', '33500', '100', '1000', '100', '100', '2020/07/16', '2020/08/17', '2020/09/16', '0', '1');
INSERT INTO kk_project VALUES (project.NEXTVAL, 'creator', '2', '#상큼 #청량 #리프레쉬, 시트러스 아로마틱 향수', '요약', '내용', '60000', '100', '500', '100', '100', '2020/07/19', '2020/08/19', '2020/09/18', '0', '0');
INSERT INTO kk_project VALUES (project.NEXTVAL, 'creator', '2', '[독보적잔향] 모네의 들꽃 정원을 담은 향수', '요약', '내용', '54900', '100', '100', '50', '50', '2020/07/22', '2020/08/06', '2020/09/05', '0', '1');
INSERT INTO kk_project VALUES (project.NEXTVAL, 'creator', '2', '빵순이 마녀의 달콤한 유혹,헨젤과 그레텔 with 버터크림', '내용', '요약', '10000', '100', '100', '100', '100', '2020/07/25', '2020/08/12', '2020/09/11', '0', '1');
INSERT INTO kk_project VALUES (project.NEXTVAL, 'creator', '2', '코코넛 럼 향기 가득, 달콤한 파인애플 칵테일 #피나콜라다', '내용', '요약', '29500', '100', '100', '100', '100', '2020/07/28', '2020/08/24', '2021/09/23', '0', '1');
INSERT INTO kk_project VALUES (project.NEXTVAL, 'creator', '1', '유기견들의 겨울을 밝히는 ‘소이 메시지캔들’', '요약','내용','18000', '200', '400', '329', '0', '2021/08/01', '2020/10/01', '2020/11/05', '420', '1');
INSERT INTO kk_project VALUES (project.NEXTVAL, 'creator', '1', '[클래시아트] 취미로의 첫 여행 : 투톤 젤캔들만들기 키트','요약','내용','39000', '100', '500', '120', '120', '2020/08/18', '2020/09/18', '2020/10/18', '0', '1');
INSERT INTO kk_project VALUES (project.NEXTVAL, 'creator', '5', '새로운 연결, <생명평화 멋단추>', '요약', '내용', '23000', '100', '200', '50', '50', '2020/07/01', '2020/07/18', '2020/08/17', '0', '0');
INSERT INTO kk_project VALUES (project.NEXTVAL, 'creator', '5', '테이블을 특별하게 만들어줄 영국감성 TEA TIME KIT', '요약', '내용', '75000', '100', '150', '100', '100', '2020/07/04', '2020/08/09', '2021/09/08', '0', '0');
INSERT INTO kk_project VALUES (project.NEXTVAL, 'creator', '5', '당신을 지켜주는 영물, 메롱해치 자수 KIT', '요약','내용', '34000', '100', '500', '100', '100', '2020/07/07', '2020/08/17', '2020/09/16', '0', '1');
INSERT INTO kk_project VALUES (project.NEXTVAL, 'creator', '5', '포근한 겨울 준비를 위한 메리노 양모 자이언트 담요', '요약', '내용', '68200', '100', '500', '100', '100', '2020/07/10', '2020/09/09', '2020/10/09', '0', '1');
INSERT INTO kk_project VALUES (project.NEXTVAL, 'creator', '5', '이제 그만 자수하세요. 전통 자수 DIY 키트', '요약', '내용', '28000', '100', '500', '50', '50', '2020/07/13', '2020/08/01', '2020/08/31', '0', '1');
INSERT INTO kk_project VALUES (project.NEXTVAL, 'creator', '2', '[아기냄새] 나만 알고 싶은 살구빛 베이비파우더', '요약', '내용', '33500', '100', '1000', '100', '100', '2020/07/16', '2020/08/17', '2020/09/16', '0', '1');
INSERT INTO kk_project VALUES (project.NEXTVAL, 'creator', '2', '#상큼 #청량 #리프레쉬, 시트러스 아로마틱 향수', '요약', '내용', '60000', '100', '500', '100', '100', '2020/07/19', '2020/08/19', '2020/09/18', '0', '0');
INSERT INTO kk_project VALUES (project.NEXTVAL, 'creator', '2', '[독보적잔향] 모네의 들꽃 정원을 담은 향수', '요약', '내용', '54900', '100', '100', '50', '50', '2020/07/22', '2020/08/06', '2020/09/05', '0', '1');
INSERT INTO kk_project VALUES (project.NEXTVAL, 'creator', '2', '빵순이 마녀의 달콤한 유혹,헨젤과 그레텔 with 버터크림', '내용', '요약', '10000', '100', '100', '100', '100', '2020/07/25', '2020/08/12', '2020/09/11', '0', '1');
INSERT INTO kk_project VALUES (project.NEXTVAL, 'creator', '2', '코코넛 럼 향기 가득, 달콤한 파인애플 칵테일 #피나콜라다', '내용', '요약', '29500', '100', '100', '100', '100', '2020/07/28', '2020/08/24', '2021/09/23', '0', '1');
INSERT INTO kk_project VALUES (project.NEXTVAL, 'creator', '1', '유기견들의 겨울을 밝히는 ‘소이 메시지캔들’', '요약','내용','18000', '200', '400', '329', '0', '2021/08/01', '2020/10/01', '2020/11/05', '420', '1');
INSERT INTO kk_project VALUES (project.NEXTVAL, 'creator', '1', '[클래시아트] 취미로의 첫 여행 : 투톤 젤캔들만들기 키트','요약','내용','39000', '100', '500', '120', '120', '2020/08/18', '2020/09/18', '2020/10/18', '0', '1');
INSERT INTO kk_project VALUES (project.NEXTVAL, 'creator', '5', '새로운 연결, <생명평화 멋단추>', '요약', '내용', '23000', '100', '200', '50', '50', '2020/07/01', '2020/07/18', '2020/08/17', '0', '0');
INSERT INTO kk_project VALUES (project.NEXTVAL, 'creator', '5', '테이블을 특별하게 만들어줄 영국감성 TEA TIME KIT', '요약', '내용', '75000', '100', '150', '100', '100', '2020/07/04', '2020/08/09', '2021/09/08', '0', '0');
INSERT INTO kk_project VALUES (project.NEXTVAL, 'creator', '5', '당신을 지켜주는 영물, 메롱해치 자수 KIT', '요약','내용', '34000', '100', '500', '100', '100', '2020/07/07', '2020/08/17', '2020/09/16', '0', '1');
INSERT INTO kk_project VALUES (project.NEXTVAL, 'creator', '5', '포근한 겨울 준비를 위한 메리노 양모 자이언트 담요', '요약', '내용', '68200', '100', '500', '100', '100', '2020/07/10', '2020/09/09', '2020/10/09', '0', '1');
INSERT INTO kk_project VALUES (project.NEXTVAL, 'creator', '5', '이제 그만 자수하세요. 전통 자수 DIY 키트', '요약', '내용', '28000', '100', '500', '50', '50', '2020/07/13', '2020/08/01', '2020/08/31', '0', '1');
INSERT INTO kk_project VALUES (project.NEXTVAL, 'creator', '2', '[아기냄새] 나만 알고 싶은 살구빛 베이비파우더', '요약', '내용', '33500', '100', '1000', '100', '100', '2020/07/16', '2020/08/17', '2020/09/16', '0', '1');
INSERT INTO kk_project VALUES (project.NEXTVAL, 'creator', '2', '#상큼 #청량 #리프레쉬, 시트러스 아로마틱 향수', '요약', '내용', '60000', '100', '500', '100', '100', '2020/07/19', '2020/08/19', '2020/09/18', '0', '0');
INSERT INTO kk_project VALUES (project.NEXTVAL, 'creator', '2', '[독보적잔향] 모네의 들꽃 정원을 담은 향수', '요약', '내용', '54900', '100', '100', '50', '50', '2020/07/22', '2020/08/06', '2020/09/05', '0', '1');
INSERT INTO kk_project VALUES (project.NEXTVAL, 'creator', '2', '빵순이 마녀의 달콤한 유혹,헨젤과 그레텔 with 버터크림', '내용', '요약', '10000', '100', '100', '100', '100', '2020/07/25', '2020/08/12', '2020/09/11', '0', '1');
INSERT INTO kk_project VALUES (project.NEXTVAL, 'creator', '2', '코코넛 럼 향기 가득, 달콤한 파인애플 칵테일 #피나콜라다', '내용', '요약', '29500', '100', '100', '100', '100', '2020/07/28', '2020/08/24', '2021/09/23', '0', '1');
INSERT INTO kk_project VALUES (project.NEXTVAL, 'creator', '1', '유기견들의 겨울을 밝히는 ‘소이 메시지캔들’', '요약','내용','18000', '200', '400', '329', '0', '2021/08/01', '2020/10/01', '2020/11/05', '420', '1');
INSERT INTO kk_project VALUES (project.NEXTVAL, 'creator', '1', '[클래시아트] 취미로의 첫 여행 : 투톤 젤캔들만들기 키트','요약','내용','39000', '100', '500', '120', '120', '2020/08/18', '2020/09/18', '2020/10/18', '0', '1');
INSERT INTO kk_project VALUES (project.NEXTVAL, 'creator', '5', '새로운 연결, <생명평화 멋단추>', '요약', '내용', '23000', '100', '200', '50', '50', '2020/07/01', '2020/07/18', '2020/08/17', '0', '0');
INSERT INTO kk_project VALUES (project.NEXTVAL, 'creator', '5', '테이블을 특별하게 만들어줄 영국감성 TEA TIME KIT', '요약', '내용', '75000', '100', '150', '100', '100', '2020/07/04', '2020/08/09', '2021/09/08', '0', '0');
INSERT INTO kk_project VALUES (project.NEXTVAL, 'creator', '5', '당신을 지켜주는 영물, 메롱해치 자수 KIT', '요약','내용', '34000', '100', '500', '100', '100', '2020/07/07', '2020/08/17', '2020/09/16', '0', '1');
INSERT INTO kk_project VALUES (project.NEXTVAL, 'creator', '5', '포근한 겨울 준비를 위한 메리노 양모 자이언트 담요', '요약', '내용', '68200', '100', '500', '100', '100', '2020/07/10', '2020/09/09', '2020/10/09', '0', '1');
INSERT INTO kk_project VALUES (project.NEXTVAL, 'creator', '5', '이제 그만 자수하세요. 전통 자수 DIY 키트', '요약', '내용', '28000', '100', '500', '50', '50', '2020/07/13', '2020/08/01', '2020/08/31', '0', '1');
INSERT INTO kk_project VALUES (project.NEXTVAL, 'creator', '2', '[아기냄새] 나만 알고 싶은 살구빛 베이비파우더', '요약', '내용', '33500', '100', '1000', '100', '100', '2020/07/16', '2020/08/17', '2020/09/16', '0', '1');
INSERT INTO kk_project VALUES (project.NEXTVAL, 'creator', '2', '#상큼 #청량 #리프레쉬, 시트러스 아로마틱 향수', '요약', '내용', '60000', '100', '500', '100', '100', '2020/07/19', '2020/08/19', '2020/09/18', '0', '0');
INSERT INTO kk_project VALUES (project.NEXTVAL, 'creator', '2', '[독보적잔향] 모네의 들꽃 정원을 담은 향수', '요약', '내용', '54900', '100', '100', '50', '50', '2020/07/22', '2020/08/06', '2020/09/05', '0', '1');
INSERT INTO kk_project VALUES (project.NEXTVAL, 'creator', '2', '빵순이 마녀의 달콤한 유혹,헨젤과 그레텔 with 버터크림', '내용', '요약', '10000', '100', '100', '100', '100', '2020/07/25', '2020/08/12', '2020/09/11', '0', '1');
INSERT INTO kk_project VALUES (project.NEXTVAL, 'creator', '2', '코코넛 럼 향기 가득, 달콤한 파인애플 칵테일 #피나콜라다', '내용', '요약', '29500', '100', '100', '100', '100', '2020/07/28', '2020/08/24', '2021/09/23', '0', '1');
INSERT INTO kk_project VALUES (project.NEXTVAL, 'creator', '1', '유기견들의 겨울을 밝히는 ‘소이 메시지캔들’', '요약','내용','18000', '200', '400', '329', '0', '2021/08/01', '2020/10/01', '2020/11/05', '420', '1');
INSERT INTO kk_project VALUES (project.NEXTVAL, 'creator', '1', '[클래시아트] 취미로의 첫 여행 : 투톤 젤캔들만들기 키트','요약','내용','39000', '100', '500', '120', '120', '2020/08/18', '2020/09/18', '2020/10/18', '0', '1');
INSERT INTO kk_project VALUES (project.NEXTVAL, 'creator', '5', '새로운 연결, <생명평화 멋단추>', '요약', '내용', '23000', '100', '200', '50', '50', '2020/07/01', '2020/07/18', '2020/08/17', '0', '0');
INSERT INTO kk_project VALUES (project.NEXTVAL, 'creator', '5', '테이블을 특별하게 만들어줄 영국감성 TEA TIME KIT', '요약', '내용', '75000', '100', '150', '100', '100', '2020/07/04', '2020/08/09', '2021/09/08', '0', '0');
INSERT INTO kk_project VALUES (project.NEXTVAL, 'creator', '5', '당신을 지켜주는 영물, 메롱해치 자수 KIT', '요약','내용', '34000', '100', '500', '100', '100', '2020/07/07', '2020/08/17', '2020/09/16', '0', '1');
INSERT INTO kk_project VALUES (project.NEXTVAL, 'creator', '5', '포근한 겨울 준비를 위한 메리노 양모 자이언트 담요', '요약', '내용', '68200', '100', '500', '100', '100', '2020/07/10', '2020/09/09', '2020/10/09', '0', '1');
INSERT INTO kk_project VALUES (project.NEXTVAL, 'creator', '5', '이제 그만 자수하세요. 전통 자수 DIY 키트', '요약', '내용', '28000', '100', '500', '50', '50', '2020/07/13', '2020/08/01', '2020/08/31', '0', '1');
INSERT INTO kk_project VALUES (project.NEXTVAL, 'creator', '2', '[아기냄새] 나만 알고 싶은 살구빛 베이비파우더', '요약', '내용', '33500', '100', '1000', '100', '100', '2020/07/16', '2020/08/17', '2020/09/16', '0', '1');
INSERT INTO kk_project VALUES (project.NEXTVAL, 'creator', '2', '#상큼 #청량 #리프레쉬, 시트러스 아로마틱 향수', '요약', '내용', '60000', '100', '500', '100', '100', '2020/07/19', '2020/08/19', '2020/09/18', '0', '0');
INSERT INTO kk_project VALUES (project.NEXTVAL, 'creator', '2', '[독보적잔향] 모네의 들꽃 정원을 담은 향수', '요약', '내용', '54900', '100', '100', '50', '50', '2020/07/22', '2020/08/06', '2020/09/05', '0', '1');
INSERT INTO kk_project VALUES (project.NEXTVAL, 'creator', '2', '빵순이 마녀의 달콤한 유혹,헨젤과 그레텔 with 버터크림', '내용', '요약', '10000', '100', '100', '100', '100', '2020/07/25', '2020/08/12', '2020/09/11', '0', '1');
INSERT INTO kk_project VALUES (project.NEXTVAL, 'creator', '2', '코코넛 럼 향기 가득, 달콤한 파인애플 칵테일 #피나콜라다', '내용', '요약', '29500', '100', '100', '100', '100', '2020/07/28', '2020/08/24', '2021/09/23', '0', '1');
INSERT INTO kk_project VALUES (project.NEXTVAL, 'creator', '1', '유기견들의 겨울을 밝히는 ‘소이 메시지캔들’', '요약','내용','18000', '200', '400', '329', '0', '2021/08/01', '2020/10/01', '2020/11/05', '420', '1');
INSERT INTO kk_project VALUES (project.NEXTVAL, 'creator', '1', '[클래시아트] 취미로의 첫 여행 : 투톤 젤캔들만들기 키트','요약','내용','39000', '100', '500', '120', '120', '2020/08/18', '2020/09/18', '2020/10/18', '0', '1');
INSERT INTO kk_project VALUES (project.NEXTVAL, 'creator', '5', '새로운 연결, <생명평화 멋단추>', '요약', '내용', '23000', '100', '200', '50', '50', '2020/07/01', '2020/07/18', '2020/08/17', '0', '0');
INSERT INTO kk_project VALUES (project.NEXTVAL, 'creator', '5', '테이블을 특별하게 만들어줄 영국감성 TEA TIME KIT', '요약', '내용', '75000', '100', '150', '100', '100', '2020/07/04', '2020/08/09', '2021/09/08', '0', '0');
INSERT INTO kk_project VALUES (project.NEXTVAL, 'creator', '5', '당신을 지켜주는 영물, 메롱해치 자수 KIT', '요약','내용', '34000', '100', '500', '100', '100', '2020/07/07', '2020/08/17', '2020/09/16', '0', '1');
INSERT INTO kk_project VALUES (project.NEXTVAL, 'creator', '5', '포근한 겨울 준비를 위한 메리노 양모 자이언트 담요', '요약', '내용', '68200', '100', '500', '100', '100', '2020/07/10', '2020/09/09', '2020/10/09', '0', '1');
INSERT INTO kk_project VALUES (project.NEXTVAL, 'creator', '5', '이제 그만 자수하세요. 전통 자수 DIY 키트', '요약', '내용', '28000', '100', '500', '50', '50', '2020/07/13', '2020/08/01', '2020/08/31', '0', '1');
INSERT INTO kk_project VALUES (project.NEXTVAL, 'creator', '2', '[아기냄새] 나만 알고 싶은 살구빛 베이비파우더', '요약', '내용', '33500', '100', '1000', '100', '100', '2020/07/16', '2020/08/17', '2020/09/16', '0', '1');
INSERT INTO kk_project VALUES (project.NEXTVAL, 'creator', '2', '#상큼 #청량 #리프레쉬, 시트러스 아로마틱 향수', '요약', '내용', '60000', '100', '500', '100', '100', '2020/07/19', '2020/08/19', '2020/09/18', '0', '0');
INSERT INTO kk_project VALUES (project.NEXTVAL, 'creator', '2', '[독보적잔향] 모네의 들꽃 정원을 담은 향수', '요약', '내용', '54900', '100', '100', '50', '50', '2020/07/22', '2020/08/06', '2020/09/05', '0', '1');
INSERT INTO kk_project VALUES (project.NEXTVAL, 'creator', '2', '빵순이 마녀의 달콤한 유혹,헨젤과 그레텔 with 버터크림', '내용', '요약', '10000', '100', '100', '100', '100', '2020/07/25', '2020/08/12', '2020/09/11', '0', '1');
INSERT INTO kk_project VALUES (project.NEXTVAL, 'creator', '2', '코코넛 럼 향기 가득, 달콤한 파인애플 칵테일 #피나콜라다', '내용', '요약', '29500', '100', '100', '100', '100', '2020/07/28', '2020/08/24', '2021/09/23', '0', '1');
INSERT INTO kk_project VALUES (project.NEXTVAL, 'creator', '1', '유기견들의 겨울을 밝히는 ‘소이 메시지캔들’', '요약','내용','18000', '200', '400', '329', '0', '2021/08/01', '2020/10/01', '2020/11/05', '420', '1');
INSERT INTO kk_project VALUES (project.NEXTVAL, 'creator', '1', '[클래시아트] 취미로의 첫 여행 : 투톤 젤캔들만들기 키트','요약','내용','39000', '100', '500', '120', '120', '2020/08/18', '2020/09/18', '2020/10/18', '0', '1');
INSERT INTO kk_project VALUES (project.NEXTVAL, 'creator', '5', '새로운 연결, <생명평화 멋단추>', '요약', '내용', '23000', '100', '200', '50', '50', '2020/07/01', '2020/07/18', '2020/08/17', '0', '0');
INSERT INTO kk_project VALUES (project.NEXTVAL, 'creator', '5', '테이블을 특별하게 만들어줄 영국감성 TEA TIME KIT', '요약', '내용', '75000', '100', '150', '100', '100', '2020/07/04', '2020/08/09', '2021/09/08', '0', '0');
INSERT INTO kk_project VALUES (project.NEXTVAL, 'creator', '5', '당신을 지켜주는 영물, 메롱해치 자수 KIT', '요약','내용', '34000', '100', '500', '100', '100', '2020/07/07', '2020/08/17', '2020/09/16', '0', '1');
INSERT INTO kk_project VALUES (project.NEXTVAL, 'creator', '5', '포근한 겨울 준비를 위한 메리노 양모 자이언트 담요', '요약', '내용', '68200', '100', '500', '100', '100', '2020/07/10', '2020/09/09', '2020/10/09', '0', '1');
INSERT INTO kk_project VALUES (project.NEXTVAL, 'creator', '5', '이제 그만 자수하세요. 전통 자수 DIY 키트', '요약', '내용', '28000', '100', '500', '50', '50', '2020/07/13', '2020/08/01', '2020/08/31', '0', '1');
INSERT INTO kk_project VALUES (project.NEXTVAL, 'creator', '2', '[아기냄새] 나만 알고 싶은 살구빛 베이비파우더', '요약', '내용', '33500', '100', '1000', '100', '100', '2020/07/16', '2020/08/17', '2020/09/16', '0', '1');
INSERT INTO kk_project VALUES (project.NEXTVAL, 'creator', '2', '#상큼 #청량 #리프레쉬, 시트러스 아로마틱 향수', '요약', '내용', '60000', '100', '500', '100', '100', '2020/07/19', '2020/08/19', '2020/09/18', '0', '0');
INSERT INTO kk_project VALUES (project.NEXTVAL, 'creator', '2', '[독보적잔향] 모네의 들꽃 정원을 담은 향수', '요약', '내용', '54900', '100', '100', '50', '50', '2020/07/22', '2020/08/06', '2020/09/05', '0', '1');
INSERT INTO kk_project VALUES (project.NEXTVAL, 'creator', '2', '빵순이 마녀의 달콤한 유혹,헨젤과 그레텔 with 버터크림', '내용', '요약', '10000', '100', '100', '100', '100', '2020/07/25', '2020/08/12', '2020/09/11', '0', '1');
INSERT INTO kk_project VALUES (project.NEXTVAL, 'creator', '2', '코코넛 럼 향기 가득, 달콤한 파인애플 칵테일 #피나콜라다', '내용', '요약', '29500', '100', '100', '100', '100', '2020/07/28', '2020/08/24', '2021/09/23', '0', '1');
INSERT INTO kk_project VALUES (project.NEXTVAL, 'creator', '1', '유기견들의 겨울을 밝히는 ‘소이 메시지캔들’', '요약','내용','18000', '200', '400', '329', '0', '2021/08/01', '2020/10/01', '2020/11/05', '420', '1');
INSERT INTO kk_project VALUES (project.NEXTVAL, 'creator', '1', '[클래시아트] 취미로의 첫 여행 : 투톤 젤캔들만들기 키트','요약','내용','39000', '100', '500', '120', '120', '2020/08/18', '2020/09/18', '2020/10/18', '0', '1');
INSERT INTO kk_project VALUES (project.NEXTVAL, 'creator', '5', '새로운 연결, <생명평화 멋단추>', '요약', '내용', '23000', '100', '200', '50', '50', '2020/07/01', '2020/07/18', '2020/08/17', '0', '0');
INSERT INTO kk_project VALUES (project.NEXTVAL, 'creator', '5', '테이블을 특별하게 만들어줄 영국감성 TEA TIME KIT', '요약', '내용', '75000', '100', '150', '100', '100', '2020/07/04', '2020/08/09', '2021/09/08', '0', '0');
INSERT INTO kk_project VALUES (project.NEXTVAL, 'creator', '5', '당신을 지켜주는 영물, 메롱해치 자수 KIT', '요약','내용', '34000', '100', '500', '100', '100', '2020/07/07', '2020/08/17', '2020/09/16', '0', '1');
INSERT INTO kk_project VALUES (project.NEXTVAL, 'creator', '5', '포근한 겨울 준비를 위한 메리노 양모 자이언트 담요', '요약', '내용', '68200', '100', '500', '100', '100', '2020/07/10', '2020/09/09', '2020/10/09', '0', '1');
INSERT INTO kk_project VALUES (project.NEXTVAL, 'creator', '5', '이제 그만 자수하세요. 전통 자수 DIY 키트', '요약', '내용', '28000', '100', '500', '50', '50', '2020/07/13', '2020/08/01', '2020/08/31', '0', '1');
INSERT INTO kk_project VALUES (project.NEXTVAL, 'creator', '2', '[아기냄새] 나만 알고 싶은 살구빛 베이비파우더', '요약', '내용', '33500', '100', '1000', '100', '100', '2020/07/16', '2020/08/17', '2020/09/16', '0', '1');
INSERT INTO kk_project VALUES (project.NEXTVAL, 'creator', '2', '#상큼 #청량 #리프레쉬, 시트러스 아로마틱 향수', '요약', '내용', '60000', '100', '500', '100', '100', '2020/07/19', '2020/08/19', '2020/09/18', '0', '0');
INSERT INTO kk_project VALUES (project.NEXTVAL, 'creator', '2', '[독보적잔향] 모네의 들꽃 정원을 담은 향수', '요약', '내용', '54900', '100', '100', '50', '50', '2020/07/22', '2020/08/06', '2020/09/05', '0', '1');
INSERT INTO kk_project VALUES (project.NEXTVAL, 'creator', '2', '빵순이 마녀의 달콤한 유혹,헨젤과 그레텔 with 버터크림', '내용', '요약', '10000', '100', '100', '100', '100', '2020/07/25', '2020/08/12', '2020/09/11', '0', '1');
INSERT INTO kk_project VALUES (project.NEXTVAL, 'creator', '2', '코코넛 럼 향기 가득, 달콤한 파인애플 칵테일 #피나콜라다', '내용', '요약', '29500', '100', '100', '100', '100', '2020/07/28', '2020/08/24', '2021/09/23', '0', '1');
INSERT INTO kk_project VALUES (project.NEXTVAL, 'creator', 3, '마음의 안정이 필요한 그대에게 제안하는 비누', '125 studio는 지친 그대의 마음에 식물이 주는 정서적 안정으로 위안되길 바랍니다.', '내용', '30000', '100', '500', '15', '15', '2020/09/01', '2020/11/01', '2020/12/30', '44', '1');
INSERT INTO kk_project VALUES (project.NEXTVAL, 'creator', 3, '전통 영세 양조장과 함께 하다, 지게미 비누', '미담은 지게미를 활용한 비누를 판매하고, 수익 일부를 영세 양조장에게 제공합니다.','내용', '24000', '100', '500', '80', '80', '2021/05/25', '2021/09/01', '2021/10/01', '5', '1');
INSERT INTO kk_project VALUES (project.NEXTVAL, 'creator', 3, '어제의 사회문제를 담아 만든 오늘은, 오늘의비누', '사회문제의 상징색은 비누의 색깔이 되고 비누의 효능은 사회문제 해결책이 되는 9종 비누','내용', '30000', '100', '200', '200', '200', SYSDATE-11, SYSDATE+14,SYSDATE+44, '156', '1');
INSERT INTO kk_project VALUES (project.NEXTVAL, 'creator', 4, '한잔하개? 메시지각인 강아지 찻잔,술잔', '토닥토닥- 오늘도 수고했어, 따듯한 응원의 메세지를 전해주는 반려견 찻잔', '내용', 17500, 100, 500, 120, 120, SYSDATE-10, SYSDATE+15,SYSDATE+45, 0, 1);
INSERT INTO kk_project VALUES (project.NEXTVAL, 'creator', 4, '너와 멜로디를 기억하고 싶어 사랑하는 고양이 오르골', '가장 사랑하는 고양이를 닮은 도자기 인형 오르골을 만들어 드립니다.','내용', '50000', '100', '500', '80', '80', SYSDATE-9, SYSDATE+16,SYSDATE+46, '100', '1');
INSERT INTO kk_project VALUES (project.NEXTVAL, 'creator', 4, '<잠시, 차아> 1인가구를 위한 찻자리 세트', '차를 통해 나를 마주하는 시간 [ 도토리 찻잔+소창 매트+우드카빙 나무스푼 ] 세트','내용', '35000', '100', '300', '50', '50', SYSDATE-8, SYSDATE+17,SYSDATE+47, '0', '1');
INSERT INTO kk_project VALUES (project.NEXTVAL, 'creator', 3, '마음의 안정이 필요한 그대에게 제안하는 비누', '125 studio는 지친 그대의 마음에 식물이 주는 정서적 안정으로 위안되길 바랍니다.', '내용', '30000', '100', '500', '25', '25', SYSDATE-7, SYSDATE+18,SYSDATE+48, '44', '1');
INSERT INTO kk_project VALUES (project.NEXTVAL, 'creator', 4, '한지를 담은 도자기. 1인 홈카페 세트', '한지의 질감을 재해석하여 한국의 아름다움을 담아낸 1인 홈카페세트입니다.', '내용', '99000', '100', '200', '20', '20', SYSDATE-6, SYSDATE+19,SYSDATE+49, '0', '1');
INSERT INTO kk_project VALUES (project.NEXTVAL, 'creator', 3, '[과자와 생활-2] 한아조의 순이비누', '과자전 x hanahzo 콜라보레이션 굿즈 - 순이 비누', '내용', 17500, 100, 500, 90, 90, SYSDATE-5, SYSDATE+20,SYSDATE+50, 0, 0);
INSERT INTO kk_project VALUES (project.NEXTVAL, 'creator', 4, '달콤한 파스텔 컵과 잔 (작은 도자기 와인잔) : 쿠니츠', '달콤한 디저트 도자기 컵 : 쿠니츠와 함께 즐거운 휴식을 가져보세요.','내용', '30000', '100', '200', '0', '0', SYSDATE+30, SYSDATE+40,SYSDATE+60, '0', '1');

--[펀딩한 프로젝트]

INSERT INTO kk_member VALUES ('mypage', '1111', '김태일', '010-2270-6612', 'typhoon198@naver.com');
INSERT INTO kk_funding VALUES (funding.NEXTVAL,'mypage', project.CURRVAL-149, '1', '50000', '김태일', '수원', '상세주소1', '국민은행', '1111-1111-1441', '11111112','2021/06/01');
INSERT INTO kk_funding VALUES (funding.NEXTVAL,'mypage', project.CURRVAL-148, '1', '50000', '김태일', '수원', '상세주소2', '국민은행', '1111-1111-1442', '11111113','2021/06/04');
INSERT INTO kk_funding VALUES (funding.NEXTVAL,'mypage', project.CURRVAL-147, '3', '150000', '김태일', '수원', '상세주소3', '국민은행', '1111-1111-1443', '11111114','2021/06/02');
INSERT INTO kk_funding VALUES (funding.NEXTVAL,'mypage', project.CURRVAL-146, '1', '50000', '김태일', '수원', '상세주소4', '국민은행', '1111-1111-1444', '11111115','2021/06/05');
INSERT INTO kk_funding VALUES (funding.NEXTVAL,'mypage', project.CURRVAL-145, '1', '50000', '김태일', '수원', '상세주소5', '국민은행', '1111-1111-1445', '11111116','2021/06/03');
INSERT INTO kk_funding VALUES (funding.NEXTVAL,'mypage', project.CURRVAL-144, '1', '50000', '김태일', '수원', '상세주소6', '국민은행', '1111-1111-1446', '11111117','2021/06/06');
INSERT INTO kk_funding VALUES (funding.NEXTVAL,'mypage', project.CURRVAL-143, '1', '50000', '김태일', '수원', '상세주소7', '국민은행', '1111-1111-1447', '11111118','2021/06/04');
INSERT INTO kk_funding VALUES (funding.NEXTVAL,'mypage', project.CURRVAL-142, '1', '50000', '김태일', '수원', '상세주소8', '국민은행', '1111-1111-1448', '11111119','2021/06/07');
INSERT INTO kk_funding VALUES (funding.NEXTVAL,'mypage', project.CURRVAL-141, '1', '50000', '김태일', '수원', '상세주소9', '국민은행', '1111-1111-1449', '11111120','2021/06/05');
INSERT INTO kk_funding VALUES (funding.NEXTVAL,'mypage', project.CURRVAL-140, '1', '50000', '김태일', '수원', '상세주소10', '국민은행', '1111-1111-1450', '11111121','2021/06/08');
INSERT INTO kk_funding VALUES (funding.NEXTVAL,'mypage', project.CURRVAL-139, '1', '50000', '김태일', '수원', '상세주소11', '국민은행', '1111-1111-1451', '11111122','2021/06/06');
INSERT INTO kk_funding VALUES (funding.NEXTVAL,'mypage', project.CURRVAL-138, '2', '100000', '김태일', '수원', '상세주소12', '국민은행', '1111-1111-1452', '11111123','2021/06/09');
INSERT INTO kk_funding VALUES (funding.NEXTVAL,'mypage', project.CURRVAL-137, '1', '50000', '김태일', '수원', '상세주소13', '국민은행', '1111-1111-1453', '11111124','2021/06/07');
INSERT INTO kk_funding VALUES (funding.NEXTVAL,'mypage', project.CURRVAL-136, '2', '100000', '김태일', '수원', '상세주소14', '국민은행', '1111-1111-1454', '11111125','2021/06/10');
INSERT INTO kk_funding VALUES (funding.NEXTVAL,'mypage', project.CURRVAL-135, '2', '100000', '김태일', '수원', '상세주소15', '국민은행', '1111-1111-1455', '11111126','2021/06/08');
INSERT INTO kk_funding VALUES (funding.NEXTVAL,'mypage', project.CURRVAL-134, '1', '50000', '김태일', '수원', '상세주소16', '국민은행', '1111-1111-1456', '11111127','2021/06/11');
INSERT INTO kk_funding VALUES (funding.NEXTVAL,'mypage', project.CURRVAL-133, '1', '50000', '김태일', '수원', '상세주소17', '국민은행', '1111-1111-1457', '11111128','2021/06/09');
INSERT INTO kk_funding VALUES (funding.NEXTVAL,'mypage', project.CURRVAL-132, '1', '50000', '김태일', '수원', '상세주소18', '국민은행', '1111-1111-1458', '11111129','2021/06/12');
INSERT INTO kk_funding VALUES (funding.NEXTVAL,'mypage', project.CURRVAL-131, '1', '50000', '김태일', '수원', '상세주소19', '국민은행', '1111-1111-1459', '11111130','2021/06/10');
INSERT INTO kk_funding VALUES (funding.NEXTVAL,'mypage', project.CURRVAL-130, '2', '100000', '김태일', '수원', '상세주소20', '국민은행', '1111-1111-1460', '11111131','2021/06/13');
INSERT INTO kk_funding VALUES (funding.NEXTVAL,'mypage', project.CURRVAL-129, '1', '50000', '김태일', '수원', '상세주소21', '국민은행', '1111-1111-1461', '11111132','2021/06/11');
INSERT INTO kk_funding VALUES (funding.NEXTVAL,'mypage', project.CURRVAL-128, '1', '50000', '김태일', '수원', '상세주소22', '국민은행', '1111-1111-1462', '11111133','2021/06/14');
INSERT INTO kk_funding VALUES (funding.NEXTVAL,'mypage', project.CURRVAL-127, '2', '100000', '김태일', '수원', '상세주소23', '국민은행', '1111-1111-1463', '11111134','2021/06/12');
INSERT INTO kk_funding VALUES (funding.NEXTVAL,'mypage', project.CURRVAL-126, '1', '50000', '김태일', '수원', '상세주소24', '국민은행', '1111-1111-1464', '11111135','2021/06/15');
INSERT INTO kk_funding VALUES (funding.NEXTVAL,'mypage', project.CURRVAL-125, '1', '50000', '김태일', '수원', '상세주소25', '국민은행', '1111-1111-1465', '11111136','2021/06/13');
INSERT INTO kk_funding VALUES (funding.NEXTVAL,'mypage', project.CURRVAL-124, '1', '50000', '김태일', '수원', '상세주소26', '국민은행', '1111-1111-1466', '11111137','2021/06/16');
INSERT INTO kk_funding VALUES (funding.NEXTVAL,'mypage', project.CURRVAL-123, '1', '50000', '김태일', '수원', '상세주소27', '국민은행', '1111-1111-1467', '11111138','2021/06/14');
INSERT INTO kk_funding VALUES (funding.NEXTVAL,'mypage', project.CURRVAL-122, '1', '50000', '김태일', '수원', '상세주소28', '국민은행', '1111-1111-1468', '11111139','2021/06/17');
INSERT INTO kk_funding VALUES (funding.NEXTVAL,'mypage', project.CURRVAL-121, '1', '50000', '김태일', '수원', '상세주소29', '국민은행', '1111-1111-1469', '11111140','2021/06/15');
INSERT INTO kk_funding VALUES (funding.NEXTVAL,'mypage', project.CURRVAL-120, '1', '50000', '김태일', '수원', '상세주소30', '국민은행', '1111-1111-1470', '11111141','2021/06/18');
INSERT INTO kk_funding VALUES (funding.NEXTVAL,'mypage', project.CURRVAL-119, '2', '100000', '김태일', '수원', '상세주소31', '국민은행', '1111-1111-1471', '11111142','2021/06/16');
INSERT INTO kk_funding VALUES (funding.NEXTVAL,'mypage', project.CURRVAL-118, '1', '50000', '김태일', '수원', '상세주소32', '국민은행', '1111-1111-1472', '11111143','2021/06/19');
INSERT INTO kk_funding VALUES (funding.NEXTVAL,'mypage', project.CURRVAL-117, '1', '50000', '김태일', '수원', '상세주소33', '국민은행', '1111-1111-1473', '11111144','2021/06/17');
INSERT INTO kk_funding VALUES (funding.NEXTVAL,'mypage', project.CURRVAL-116, '1', '50000', '김태일', '수원', '상세주소34', '국민은행', '1111-1111-1474', '11111145','2021/06/20');
INSERT INTO kk_funding VALUES (funding.NEXTVAL,'mypage', project.CURRVAL-115, '1', '50000', '김태일', '수원', '상세주소35', '국민은행', '1111-1111-1475', '11111146','2021/06/18');
INSERT INTO kk_funding VALUES (funding.NEXTVAL,'mypage', project.CURRVAL-114, '1', '50000', '김태일', '수원', '상세주소36', '국민은행', '1111-1111-1476', '11111147','2021/06/21');
INSERT INTO kk_funding VALUES (funding.NEXTVAL,'mypage', project.CURRVAL-113, '1', '50000', '김태일', '수원', '상세주소37', '국민은행', '1111-1111-1477', '11111148','2021/06/19');
INSERT INTO kk_funding VALUES (funding.NEXTVAL,'mypage', project.CURRVAL-112, '2', '100000', '김태일', '수원', '상세주소38', '국민은행', '1111-1111-1478', '11111149','2021/06/22');
INSERT INTO kk_funding VALUES (funding.NEXTVAL,'mypage', project.CURRVAL-111, '1', '50000', '김태일', '수원', '상세주소39', '국민은행', '1111-1111-1479', '11111150','2021/06/20');
INSERT INTO kk_funding VALUES (funding.NEXTVAL,'mypage', project.CURRVAL-110, '1', '50000', '김태일', '수원', '상세주소40', '국민은행', '1111-1111-1480', '11111151','2021/06/23');
INSERT INTO kk_funding VALUES (funding.NEXTVAL,'mypage', project.CURRVAL-109, '1', '50000', '김태일', '수원', '상세주소41', '국민은행', '1111-1111-1481', '11111152','2021/06/21');
INSERT INTO kk_funding VALUES (funding.NEXTVAL,'mypage', project.CURRVAL-108, '1', '50000', '김태일', '수원', '상세주소42', '국민은행', '1111-1111-1482', '11111153','2021/06/24');
INSERT INTO kk_funding VALUES (funding.NEXTVAL,'mypage', project.CURRVAL-107, '1', '50000', '김태일', '수원', '상세주소43', '국민은행', '1111-1111-1483', '11111154','2021/06/22');
INSERT INTO kk_funding VALUES (funding.NEXTVAL,'mypage', project.CURRVAL-106, '1', '50000', '김태일', '수원', '상세주소44', '국민은행', '1111-1111-1484', '11111155','2021/06/25');
INSERT INTO kk_funding VALUES (funding.NEXTVAL,'mypage', project.CURRVAL-105, '2', '100000', '김태일', '수원', '상세주소45', '국민은행', '1111-1111-1485', '11111156','2021/06/23');
INSERT INTO kk_funding VALUES (funding.NEXTVAL,'mypage', project.CURRVAL-104, '2', '100000', '김태일', '수원', '상세주소46', '국민은행', '1111-1111-1486', '11111157','2021/06/26');
INSERT INTO kk_funding VALUES (funding.NEXTVAL,'mypage', project.CURRVAL-103, '1', '50000', '김태일', '수원', '상세주소47', '국민은행', '1111-1111-1487', '11111158','2021/06/24');
INSERT INTO kk_funding VALUES (funding.NEXTVAL,'mypage', project.CURRVAL-102, '1', '50000', '김태일', '수원', '상세주소48', '국민은행', '1111-1111-1488', '11111159','2021/06/27');
INSERT INTO kk_funding VALUES (funding.NEXTVAL,'mypage', project.CURRVAL-101, '3', '150000', '김태일', '수원', '상세주소49', '국민은행', '1111-1111-1489', '11111160','2021/06/25');
INSERT INTO kk_funding VALUES (funding.NEXTVAL,'mypage', project.CURRVAL-100, '1', '50000', '김태일', '수원', '상세주소50', '국민은행', '1111-1111-1490', '11111161','2021/06/28');
INSERT INTO kk_funding VALUES (funding.NEXTVAL,'mypage', project.CURRVAL-99, '2', '100000', '김태일', '수원', '상세주소51', '국민은행', '1111-1111-1491', '11111162','2021/06/26');
INSERT INTO kk_funding VALUES (funding.NEXTVAL,'mypage', project.CURRVAL-98, '1', '50000', '김태일', '수원', '상세주소52', '국민은행', '1111-1111-1492', '11111163','2021/06/29');
INSERT INTO kk_funding VALUES (funding.NEXTVAL,'mypage', project.CURRVAL-97, '1', '50000', '김태일', '수원', '상세주소53', '국민은행', '1111-1111-1493', '11111164','2021/06/27');
INSERT INTO kk_funding VALUES (funding.NEXTVAL,'mypage', project.CURRVAL-96, '1', '50000', '김태일', '수원', '상세주소54', '국민은행', '1111-1111-1494', '11111165','2021/06/30');
INSERT INTO kk_funding VALUES (funding.NEXTVAL,'mypage', project.CURRVAL-95, '2', '100000', '김태일', '수원', '상세주소55', '국민은행', '1111-1111-1495', '11111166','2021/06/28');
INSERT INTO kk_funding VALUES (funding.NEXTVAL,'mypage', project.CURRVAL-94, '1', '50000', '김태일', '수원', '상세주소56', '국민은행', '1111-1111-1496', '11111167','2021/07/01');
INSERT INTO kk_funding VALUES (funding.NEXTVAL,'mypage', project.CURRVAL-93, '1', '50000', '김태일', '수원', '상세주소57', '국민은행', '1111-1111-1497', '11111168','2021/06/29');
INSERT INTO kk_funding VALUES (funding.NEXTVAL,'mypage', project.CURRVAL-92, '2', '100000', '김태일', '수원', '상세주소58', '국민은행', '1111-1111-1498', '11111169','2021/07/02');
INSERT INTO kk_funding VALUES (funding.NEXTVAL,'mypage', project.CURRVAL-91, '1', '50000', '김태일', '수원', '상세주소59', '국민은행', '1111-1111-1499', '11111170','2021/06/30');
INSERT INTO kk_funding VALUES (funding.NEXTVAL,'mypage', project.CURRVAL-90, '1', '50000', '김태일', '수원', '상세주소60', '국민은행', '1111-1111-1500', '11111171','2021/07/03');
INSERT INTO kk_funding VALUES (funding.NEXTVAL,'mypage', project.CURRVAL-89, '1', '50000', '김태일', '수원', '상세주소61', '국민은행', '1111-1111-1501', '11111172','2021/07/01');
INSERT INTO kk_funding VALUES (funding.NEXTVAL,'mypage', project.CURRVAL-88, '2', '100000', '김태일', '수원', '상세주소62', '국민은행', '1111-1111-1502', '11111173','2021/07/04');
INSERT INTO kk_funding VALUES (funding.NEXTVAL,'mypage', project.CURRVAL-87, '2', '100000', '김태일', '수원', '상세주소63', '국민은행', '1111-1111-1503', '11111174','2021/07/02');
INSERT INTO kk_funding VALUES (funding.NEXTVAL,'mypage', project.CURRVAL-86, '1', '50000', '김태일', '수원', '상세주소64', '국민은행', '1111-1111-1504', '11111175','2021/07/05');
INSERT INTO kk_funding VALUES (funding.NEXTVAL,'mypage', project.CURRVAL-85, '3', '150000', '김태일', '수원', '상세주소65', '국민은행', '1111-1111-1505', '11111176','2021/07/03');
INSERT INTO kk_funding VALUES (funding.NEXTVAL,'mypage', project.CURRVAL-84, '1', '50000', '김태일', '수원', '상세주소66', '국민은행', '1111-1111-1506', '11111177','2021/07/06');
INSERT INTO kk_funding VALUES (funding.NEXTVAL,'mypage', project.CURRVAL-83, '2', '100000', '김태일', '수원', '상세주소67', '국민은행', '1111-1111-1507', '11111178','2021/07/04');
INSERT INTO kk_funding VALUES (funding.NEXTVAL,'mypage', project.CURRVAL-82, '1', '50000', '김태일', '수원', '상세주소68', '국민은행', '1111-1111-1508', '11111179','2021/07/07');
INSERT INTO kk_funding VALUES (funding.NEXTVAL,'mypage', project.CURRVAL-81, '1', '50000', '김태일', '수원', '상세주소69', '국민은행', '1111-1111-1509', '11111180','2021/07/05');
INSERT INTO kk_funding VALUES (funding.NEXTVAL,'mypage', project.CURRVAL-80, '1', '50000', '김태일', '수원', '상세주소70', '국민은행', '1111-1111-1510', '11111181','2021/07/08');
INSERT INTO kk_funding VALUES (funding.NEXTVAL,'mypage', project.CURRVAL-79, '1', '50000', '김태일', '수원', '상세주소71', '국민은행', '1111-1111-1511', '11111182','2021/07/06');
INSERT INTO kk_funding VALUES (funding.NEXTVAL,'mypage', project.CURRVAL-78, '1', '50000', '김태일', '수원', '상세주소72', '국민은행', '1111-1111-1512', '11111183','2021/07/09');
INSERT INTO kk_funding VALUES (funding.NEXTVAL,'mypage', project.CURRVAL-77, '1', '50000', '김태일', '수원', '상세주소73', '국민은행', '1111-1111-1513', '11111184','2021/07/07');
INSERT INTO kk_funding VALUES (funding.NEXTVAL,'mypage', project.CURRVAL-76, '3', '150000', '김태일', '수원', '상세주소74', '국민은행', '1111-1111-1514', '11111185','2021/07/10');
INSERT INTO kk_funding VALUES (funding.NEXTVAL,'mypage', project.CURRVAL-75, '2', '100000', '김태일', '수원', '상세주소75', '국민은행', '1111-1111-1515', '11111186','2021/07/08');
INSERT INTO kk_funding VALUES (funding.NEXTVAL,'mypage', project.CURRVAL-74, '1', '50000', '김태일', '수원', '상세주소76', '국민은행', '1111-1111-1516', '11111187','2021/07/11');
INSERT INTO kk_funding VALUES (funding.NEXTVAL,'mypage', project.CURRVAL-73, '1', '50000', '김태일', '수원', '상세주소77', '국민은행', '1111-1111-1517', '11111188','2021/07/09');
INSERT INTO kk_funding VALUES (funding.NEXTVAL,'mypage', project.CURRVAL-72, '3', '150000', '김태일', '수원', '상세주소78', '국민은행', '1111-1111-1518', '11111189','2021/07/12');
INSERT INTO kk_funding VALUES (funding.NEXTVAL,'mypage', project.CURRVAL-71, '2', '100000', '김태일', '수원', '상세주소79', '국민은행', '1111-1111-1519', '11111190','2021/07/10');
INSERT INTO kk_funding VALUES (funding.NEXTVAL,'mypage', project.CURRVAL-70, '1', '50000', '김태일', '수원', '상세주소80', '국민은행', '1111-1111-1520', '11111191','2021/07/13');
INSERT INTO kk_funding VALUES (funding.NEXTVAL,'mypage', project.CURRVAL-69, '2', '100000', '김태일', '수원', '상세주소81', '국민은행', '1111-1111-1521', '11111192','2021/07/11');
INSERT INTO kk_funding VALUES (funding.NEXTVAL,'mypage', project.CURRVAL-68, '2', '100000', '김태일', '수원', '상세주소82', '국민은행', '1111-1111-1522', '11111193','2021/07/14');
INSERT INTO kk_funding VALUES (funding.NEXTVAL,'mypage', project.CURRVAL-67, '1', '50000', '김태일', '수원', '상세주소83', '국민은행', '1111-1111-1523', '11111194','2021/07/12');
INSERT INTO kk_funding VALUES (funding.NEXTVAL,'mypage', project.CURRVAL-66, '1', '50000', '김태일', '수원', '상세주소84', '국민은행', '1111-1111-1524', '11111195','2021/07/15');
INSERT INTO kk_funding VALUES (funding.NEXTVAL,'mypage', project.CURRVAL-65, '1', '50000', '김태일', '수원', '상세주소85', '국민은행', '1111-1111-1525', '11111196','2021/07/13');
INSERT INTO kk_funding VALUES (funding.NEXTVAL,'mypage', project.CURRVAL-64, '1', '50000', '김태일', '수원', '상세주소86', '국민은행', '1111-1111-1526', '11111197','2021/07/16');
INSERT INTO kk_funding VALUES (funding.NEXTVAL,'mypage', project.CURRVAL-63, '1', '50000', '김태일', '수원', '상세주소87', '국민은행', '1111-1111-1527', '11111198','2021/07/14');
INSERT INTO kk_funding VALUES (funding.NEXTVAL,'mypage', project.CURRVAL-62, '1', '50000', '김태일', '수원', '상세주소88', '국민은행', '1111-1111-1528', '11111199','2021/07/17');
INSERT INTO kk_funding VALUES (funding.NEXTVAL,'mypage', project.CURRVAL-61, '4', '200000', '김태일', '수원', '상세주소89', '국민은행', '1111-1111-1529', '11111200','2021/07/15');
INSERT INTO kk_funding VALUES (funding.NEXTVAL,'mypage', project.CURRVAL-60, '1', '50000', '김태일', '수원', '상세주소90', '국민은행', '1111-1111-1530', '11111201','2021/07/18');
INSERT INTO kk_funding VALUES (funding.NEXTVAL,'mypage', project.CURRVAL-59, '2', '100000', '김태일', '수원', '상세주소91', '국민은행', '1111-1111-1531', '11111202','2021/07/16');
INSERT INTO kk_funding VALUES (funding.NEXTVAL,'mypage', project.CURRVAL-58, '2', '100000', '김태일', '수원', '상세주소92', '국민은행', '1111-1111-1532', '11111203','2021/07/19');
INSERT INTO kk_funding VALUES (funding.NEXTVAL,'mypage', project.CURRVAL-57, '1', '50000', '김태일', '수원', '상세주소93', '국민은행', '1111-1111-1533', '11111204','2021/07/17');
INSERT INTO kk_funding VALUES (funding.NEXTVAL,'mypage', project.CURRVAL-56, '1', '50000', '김태일', '수원', '상세주소94', '국민은행', '1111-1111-1534', '11111205','2021/07/20');
INSERT INTO kk_funding VALUES (funding.NEXTVAL,'mypage', project.CURRVAL-55, '1', '50000', '김태일', '수원', '상세주소95', '국민은행', '1111-1111-1535', '11111206','2021/07/18');
INSERT INTO kk_funding VALUES (funding.NEXTVAL,'mypage', project.CURRVAL-54, '2', '100000', '김태일', '수원', '상세주소96', '국민은행', '1111-1111-1536', '11111207','2021/07/21');
INSERT INTO kk_funding VALUES (funding.NEXTVAL,'mypage', project.CURRVAL-53, '1', '50000', '김태일', '수원', '상세주소97', '국민은행', '1111-1111-1537', '11111208','2021/07/19');
INSERT INTO kk_funding VALUES (funding.NEXTVAL,'mypage', project.CURRVAL-52, '2', '100000', '김태일', '수원', '상세주소98', '국민은행', '1111-1111-1538', '11111209','2021/07/22');
INSERT INTO kk_funding VALUES (funding.NEXTVAL,'mypage', project.CURRVAL-51, '1', '50000', '김태일', '수원', '상세주소99', '국민은행', '1111-1111-1539', '11111210','2021/07/20');
INSERT INTO kk_funding VALUES (funding.NEXTVAL,'mypage', project.CURRVAL-50, '1', '50000', '김태일', '수원', '상세주소100', '국민은행', '1111-1111-1540', '11111211','2021/07/23');
INSERT INTO kk_funding VALUES (funding.NEXTVAL,'mypage', project.CURRVAL-49, '1', '50000', '김태일', '수원', '상세주소101', '국민은행', '1111-1111-1541', '11111212','2021/07/21');
INSERT INTO kk_funding VALUES (funding.NEXTVAL,'mypage', project.CURRVAL-48, '1', '50000', '김태일', '수원', '상세주소102', '국민은행', '1111-1111-1542', '11111213','2021/07/24');
INSERT INTO kk_funding VALUES (funding.NEXTVAL,'mypage', project.CURRVAL-47, '2', '100000', '김태일', '수원', '상세주소103', '국민은행', '1111-1111-1543', '11111214','2021/07/22');
INSERT INTO kk_funding VALUES (funding.NEXTVAL,'mypage', project.CURRVAL-46, '1', '50000', '김태일', '수원', '상세주소104', '국민은행', '1111-1111-1544', '11111215','2021/07/25');
INSERT INTO kk_funding VALUES (funding.NEXTVAL,'mypage', project.CURRVAL-45, '1', '50000', '김태일', '수원', '상세주소105', '국민은행', '1111-1111-1545', '11111216','2021/07/23');
INSERT INTO kk_funding VALUES (funding.NEXTVAL,'mypage', project.CURRVAL-44, '1', '50000', '김태일', '수원', '상세주소106', '국민은행', '1111-1111-1546', '11111217','2021/07/26');
INSERT INTO kk_funding VALUES (funding.NEXTVAL,'mypage', project.CURRVAL-43, '1', '50000', '김태일', '수원', '상세주소107', '국민은행', '1111-1111-1547', '11111218','2021/07/24');
INSERT INTO kk_funding VALUES (funding.NEXTVAL,'mypage', project.CURRVAL-42, '2', '100000', '김태일', '수원', '상세주소108', '국민은행', '1111-1111-1548', '11111219','2021/07/27');
INSERT INTO kk_funding VALUES (funding.NEXTVAL,'mypage', project.CURRVAL-41, '3', '150000', '김태일', '수원', '상세주소109', '국민은행', '1111-1111-1549', '11111220','2021/07/25');
INSERT INTO kk_funding VALUES (funding.NEXTVAL,'mypage', project.CURRVAL-40, '1', '50000', '김태일', '수원', '상세주소110', '국민은행', '1111-1111-1550', '11111221','2021/07/28');
INSERT INTO kk_funding VALUES (funding.NEXTVAL,'mypage', project.CURRVAL-39, '1', '50000', '김태일', '수원', '상세주소111', '국민은행', '1111-1111-1551', '11111222','2021/07/26');
INSERT INTO kk_funding VALUES (funding.NEXTVAL,'mypage', project.CURRVAL-38, '1', '50000', '김태일', '수원', '상세주소112', '국민은행', '1111-1111-1552', '11111223','2021/07/29');
INSERT INTO kk_funding VALUES (funding.NEXTVAL,'mypage', project.CURRVAL-37, '1', '50000', '김태일', '수원', '상세주소113', '국민은행', '1111-1111-1553', '11111224','2021/07/27');
INSERT INTO kk_funding VALUES (funding.NEXTVAL,'mypage', project.CURRVAL-36, '2', '100000', '김태일', '수원', '상세주소114', '국민은행', '1111-1111-1554', '11111225','2021/07/30');
INSERT INTO kk_funding VALUES (funding.NEXTVAL,'mypage', project.CURRVAL-35, '2', '100000', '김태일', '수원', '상세주소115', '국민은행', '1111-1111-1555', '11111226','2021/07/28');
INSERT INTO kk_funding VALUES (funding.NEXTVAL,'mypage', project.CURRVAL-34, '1', '50000', '김태일', '수원', '상세주소116', '국민은행', '1111-1111-1556', '11111227','2021/07/31');
INSERT INTO kk_funding VALUES (funding.NEXTVAL,'mypage', project.CURRVAL-33, '1', '50000', '김태일', '수원', '상세주소117', '국민은행', '1111-1111-1557', '11111228','2021/07/29');
INSERT INTO kk_funding VALUES (funding.NEXTVAL,'mypage', project.CURRVAL-32, '1', '50000', '김태일', '수원', '상세주소118', '국민은행', '1111-1111-1558', '11111229','2021/08/01');
INSERT INTO kk_funding VALUES (funding.NEXTVAL,'mypage', project.CURRVAL-31, '1', '50000', '김태일', '수원', '상세주소119', '국민은행', '1111-1111-1559', '11111230','2021/07/30');
INSERT INTO kk_funding VALUES (funding.NEXTVAL,'mypage', project.CURRVAL-30, '4', '200000', '김태일', '수원', '상세주소120', '국민은행', '1111-1111-1560', '11111231','2021/08/02');
INSERT INTO kk_funding VALUES (funding.NEXTVAL,'mypage', project.CURRVAL-29, '1', '50000', '김태일', '수원', '상세주소121', '국민은행', '1111-1111-1561', '11111232','2021/07/31');
INSERT INTO kk_funding VALUES (funding.NEXTVAL,'mypage', project.CURRVAL-28, '1', '50000', '김태일', '수원', '상세주소122', '국민은행', '1111-1111-1562', '11111233','2021/08/03');
INSERT INTO kk_funding VALUES (funding.NEXTVAL,'mypage', project.CURRVAL-27, '1', '50000', '김태일', '수원', '상세주소123', '국민은행', '1111-1111-1563', '11111234','2021/08/01');
INSERT INTO kk_funding VALUES (funding.NEXTVAL,'mypage', project.CURRVAL-26, '1', '50000', '김태일', '수원', '상세주소124', '국민은행', '1111-1111-1564', '11111235','2021/08/04');
INSERT INTO kk_funding VALUES (funding.NEXTVAL,'mypage', project.CURRVAL-25, '1', '50000', '김태일', '수원', '상세주소125', '국민은행', '1111-1111-1565', '11111236','2021/08/02');
INSERT INTO kk_funding VALUES (funding.NEXTVAL,'mypage', project.CURRVAL-24, '1', '50000', '김태일', '수원', '상세주소126', '국민은행', '1111-1111-1566', '11111237','2021/08/05');
INSERT INTO kk_funding VALUES (funding.NEXTVAL,'mypage', project.CURRVAL-23, '1', '50000', '김태일', '수원', '상세주소127', '국민은행', '1111-1111-1567', '11111238','2021/08/03');
INSERT INTO kk_funding VALUES (funding.NEXTVAL,'mypage', project.CURRVAL-22, '1', '50000', '김태일', '수원', '상세주소128', '국민은행', '1111-1111-1568', '11111239','2021/08/06');
INSERT INTO kk_funding VALUES (funding.NEXTVAL,'mypage', project.CURRVAL-21, '4', '200000', '김태일', '수원', '상세주소129', '국민은행', '1111-1111-1569', '11111240','2021/08/04');
INSERT INTO kk_funding VALUES (funding.NEXTVAL,'mypage', project.CURRVAL-20, '1', '50000', '김태일', '수원', '상세주소130', '국민은행', '1111-1111-1570', '11111241','2021/08/07');
INSERT INTO kk_funding VALUES (funding.NEXTVAL,'mypage', project.CURRVAL-19, '2', '100000', '김태일', '수원', '상세주소131', '국민은행', '1111-1111-1571', '11111242','2021/08/05');
INSERT INTO kk_funding VALUES (funding.NEXTVAL,'mypage', project.CURRVAL-18, '1', '50000', '김태일', '수원', '상세주소132', '국민은행', '1111-1111-1572', '11111243','2021/08/08');
INSERT INTO kk_funding VALUES (funding.NEXTVAL,'mypage', project.CURRVAL-17, '1', '50000', '김태일', '수원', '상세주소133', '국민은행', '1111-1111-1573', '11111244','2021/08/06');
INSERT INTO kk_funding VALUES (funding.NEXTVAL,'mypage', project.CURRVAL-16, '2', '100000', '김태일', '수원', '상세주소134', '국민은행', '1111-1111-1574', '11111245','2021/08/09');
INSERT INTO kk_funding VALUES (funding.NEXTVAL,'mypage', project.CURRVAL-15, '1', '50000', '김태일', '수원', '상세주소135', '국민은행', '1111-1111-1575', '11111246','2021/08/07');
INSERT INTO kk_funding VALUES (funding.NEXTVAL,'mypage', project.CURRVAL-14, '3', '150000', '김태일', '수원', '상세주소136', '국민은행', '1111-1111-1576', '11111247','2021/08/10');
INSERT INTO kk_funding VALUES (funding.NEXTVAL,'mypage', project.CURRVAL-13, '1', '50000', '김태일', '수원', '상세주소137', '국민은행', '1111-1111-1577', '11111248','2021/08/08');
INSERT INTO kk_funding VALUES (funding.NEXTVAL,'mypage', project.CURRVAL-12, '1', '50000', '김태일', '수원', '상세주소138', '국민은행', '1111-1111-1578', '11111249','2021/08/11');
INSERT INTO kk_funding VALUES (funding.NEXTVAL,'mypage', project.CURRVAL-11, '1', '50000', '김태일', '수원', '상세주소139', '국민은행', '1111-1111-1579', '11111250','2021/08/09');
INSERT INTO kk_funding VALUES (funding.NEXTVAL,'mypage', project.CURRVAL-10, '1', '50000', '김태일', '수원', '상세주소140', '국민은행', '1111-1111-1580', '11111251','2021/08/12');
INSERT INTO kk_funding VALUES (funding.NEXTVAL,'mypage', project.CURRVAL-9, '2', '100000', '김태일', '수원', '상세주소141', '국민은행', '1111-1111-1581', '11111252','2021/08/10');
INSERT INTO kk_funding VALUES (funding.NEXTVAL,'mypage', project.CURRVAL-8, '1', '50000', '김태일', '수원', '상세주소142', '국민은행', '1111-1111-1582', '11111253','2021/08/13');
INSERT INTO kk_funding VALUES (funding.NEXTVAL,'mypage', project.CURRVAL-7, '1', '50000', '김태일', '수원', '상세주소143', '국민은행', '1111-1111-1583', '11111254','2021/08/11');
INSERT INTO kk_funding VALUES (funding.NEXTVAL,'mypage', project.CURRVAL-6, '3', '150000', '김태일', '수원', '상세주소144', '국민은행', '1111-1111-1584', '11111255','2021/08/14');
INSERT INTO kk_funding VALUES (funding.NEXTVAL,'mypage', project.CURRVAL-5, '1', '50000', '김태일', '수원', '상세주소145', '국민은행', '1111-1111-1585', '11111256','2021/08/12');
INSERT INTO kk_funding VALUES (funding.NEXTVAL,'mypage', project.CURRVAL-4, '1', '50000', '김태일', '수원', '상세주소146', '국민은행', '1111-1111-1586', '11111257','2021/08/15');
INSERT INTO kk_funding VALUES (funding.NEXTVAL,'mypage', project.CURRVAL-3, '4', '200000', '김태일', '수원', '상세주소147', '국민은행', '1111-1111-1587', '11111258','2021/08/13');
INSERT INTO kk_funding VALUES (funding.NEXTVAL,'mypage', project.CURRVAL-2, '1', '50000', '김태일', '수원', '상세주소148', '국민은행', '1111-1111-1588', '11111259','2021/08/16');
INSERT INTO kk_funding VALUES (funding.NEXTVAL,'mypage', project.CURRVAL-1, '1', '50000', '김태일', '수원', '상세주소149', '국민은행', '1111-1111-1589', '11111260','2021/08/14');


--[참여자 보기(크리에이터)

INSERT INTO kk_project VALUES (project.NEXTVAL, 'creator', 4, '성공한 프로젝트 테스트','요약','내용', 50000, '100', '200', '100', '100', SYSDATE-30, SYSDATE-10,SYSDATE+10, '0', '1');

INSERT INTO kk_member VALUES ('test1', 'test', '이민형', '01060462417', 'test@naver.com');
INSERT INTO kk_member VALUES ('test2', 'test', '이재구', '01018383766', 'test@naver.com');
INSERT INTO kk_member VALUES ('test3', 'test', '나창모', '01048065180', 'test@naver.com');
INSERT INTO kk_member VALUES ('test4', 'test', '장윤희', '01068581784', 'test@naver.com');
INSERT INTO kk_member VALUES ('test5', 'test', '남영희', '01090704300', 'test@naver.com');
INSERT INTO kk_member VALUES ('test6', 'test', '한수원', '01059431969', 'test@naver.com');
INSERT INTO kk_member VALUES ('test7', 'test', '이인구', '01079648915', 'test@naver.com');
INSERT INTO kk_member VALUES ('test8', 'test', '전철주', '01016678899', 'test@naver.com');
INSERT INTO kk_member VALUES ('test9', 'test', '남경철', '01089512127', 'test@naver.com');
INSERT INTO kk_member VALUES ('test10', 'test', '박범준', '01024079180', 'test@naver.com');
INSERT INTO kk_member VALUES ('test11', 'test', '봉성균', '01023436137', 'test@naver.com');
INSERT INTO kk_member VALUES ('test12', 'test', '조정래', '01097971053', 'test@naver.com');
INSERT INTO kk_member VALUES ('test13', 'test', '김병진', '01081598952', 'test@naver.com');
INSERT INTO kk_member VALUES ('test14', 'test', '배동훈', '01038218050', 'test@naver.com');
INSERT INTO kk_member VALUES ('test15', 'test', '이태헌', '01082011663', 'test@naver.com');
INSERT INTO kk_member VALUES ('test16', 'test', '김창애', '01031846192', 'test@naver.com');
INSERT INTO kk_member VALUES ('test17', 'test', '김형옥', '01027974054', 'test@naver.com');
INSERT INTO kk_member VALUES ('test18', 'test', '유광훈', '01044263646', 'test@naver.com');
INSERT INTO kk_member VALUES ('test19', 'test', '김회존', '01069003756', 'test@naver.com');
INSERT INTO kk_member VALUES ('test20', 'test', '김창근', '01020222534', 'test@naver.com');
INSERT INTO kk_member VALUES ('test21', 'test', '김성남', '01079012373', 'test@naver.com');
INSERT INTO kk_member VALUES ('test22', 'test', '김현철', '01046018568', 'test@naver.com');
INSERT INTO kk_member VALUES ('test23', 'test', '국경옥', '01097825096', 'test@naver.com');
INSERT INTO kk_member VALUES ('test24', 'test', '박형진', '01062836498', 'test@naver.com');
INSERT INTO kk_member VALUES ('test25', 'test', '조상원', '01059985090', 'test@naver.com');
INSERT INTO kk_member VALUES ('test26', 'test', '김후규', '01040393933', 'test@naver.com');
INSERT INTO kk_member VALUES ('test27', 'test', '조경화', '01017938565', 'test@naver.com');
INSERT INTO kk_member VALUES ('test28', 'test', '강승우', '01029567973', 'test@naver.com');
INSERT INTO kk_member VALUES ('test29', 'test', '엄미자', '01014741789', 'test@naver.com');
INSERT INTO kk_member VALUES ('test30', 'test', '김성하', '01072312210', 'test@naver.com');
INSERT INTO kk_member VALUES ('test31', 'test', '김종춘', '01065618477', 'test@naver.com');
INSERT INTO kk_member VALUES ('test32', 'test', '이금숙', '01037536073', 'test@naver.com');
INSERT INTO kk_member VALUES ('test33', 'test', '제순경', '01055967941', 'test@naver.com');
INSERT INTO kk_member VALUES ('test34', 'test', '신원삼', '01061537242', 'test@naver.com');
INSERT INTO kk_member VALUES ('test35', 'test', '안현규', '01088662063', 'test@naver.com');
INSERT INTO kk_member VALUES ('test36', 'test', '김해정', '01072944784', 'test@naver.com');
INSERT INTO kk_member VALUES ('test37', 'test', '김명진', '01042226691', 'test@naver.com');
INSERT INTO kk_member VALUES ('test38', 'test', '변옥희', '01062591956', 'test@naver.com');
INSERT INTO kk_member VALUES ('test39', 'test', '고영선', '01036829344', 'test@naver.com');
INSERT INTO kk_member VALUES ('test40', 'test', '김주경', '01070221190', 'test@naver.com');
INSERT INTO kk_member VALUES ('test41', 'test', '차정돈', '01075418138', 'test@naver.com');
INSERT INTO kk_member VALUES ('test42', 'test', '이재봉', '01021936555', 'test@naver.com');
INSERT INTO kk_member VALUES ('test43', 'test', '진혜정', '01022469721', 'test@naver.com');
INSERT INTO kk_member VALUES ('test44', 'test', '진현태', '01063531152', 'test@naver.com');
INSERT INTO kk_member VALUES ('test45', 'test', '성현영', '01043959628', 'test@naver.com');
INSERT INTO kk_member VALUES ('test46', 'test', '이동열', '01098169241', 'test@naver.com');
INSERT INTO kk_member VALUES ('test47', 'test', '김형철', '01078412870', 'test@naver.com');
INSERT INTO kk_member VALUES ('test48', 'test', '김광수', '01048129629', 'test@naver.com');
INSERT INTO kk_member VALUES ('test49', 'test', '한대웅', '01060062736', 'test@naver.com');
INSERT INTO kk_member VALUES ('test50', 'test', '이수복', '01024575733', 'test@naver.com');
INSERT INTO kk_member VALUES ('test51', 'test', '이현욱', '01032337818', 'test@naver.com');
INSERT INTO kk_member VALUES ('test52', 'test', '문만수', '01021608037', 'test@naver.com');
INSERT INTO kk_member VALUES ('test53', 'test', '이정순', '01061693941', 'test@naver.com');
INSERT INTO kk_member VALUES ('test54', 'test', '이재학', '01064748127', 'test@naver.com');
INSERT INTO kk_member VALUES ('test55', 'test', '이장원', '01029545277', 'test@naver.com');
INSERT INTO kk_member VALUES ('test56', 'test', '김종희', '01067705306', 'test@naver.com');
INSERT INTO kk_member VALUES ('test57', 'test', '엄유신', '01022377206', 'test@naver.com');
INSERT INTO kk_member VALUES ('test58', 'test', '민혜미', '01015692883', 'test@naver.com');
INSERT INTO kk_member VALUES ('test59', 'test', '김종현', '01098701581', 'test@naver.com');
INSERT INTO kk_member VALUES ('test60', 'test', '이명숙', '01097528551', 'test@naver.com');
INSERT INTO kk_member VALUES ('test61', 'test', '김갑진', '01074491935', 'test@naver.com');
INSERT INTO kk_member VALUES ('test62', 'test', '정영주', '01024171970', 'test@naver.com');
INSERT INTO kk_member VALUES ('test63', 'test', '여현주', '01057387839', 'test@naver.com');
INSERT INTO kk_member VALUES ('test64', 'test', '박원욱', '01055784518', 'test@naver.com');
INSERT INTO kk_member VALUES ('test65', 'test', '강경희', '01054394025', 'test@naver.com');
INSERT INTO kk_member VALUES ('test66', 'test', '권상태', '01075329461', 'test@naver.com');
INSERT INTO kk_member VALUES ('test67', 'test', '조창기', '01086669143', 'test@naver.com');
INSERT INTO kk_member VALUES ('test68', 'test', '유병우', '01072139204', 'test@naver.com');
INSERT INTO kk_member VALUES ('test69', 'test', '김미영', '01069645003', 'test@naver.com');
INSERT INTO kk_member VALUES ('test70', 'test', '정성모', '01074907102', 'test@naver.com');
INSERT INTO kk_member VALUES ('test71', 'test', '서지혜', '01077029928', 'test@naver.com');
INSERT INTO kk_member VALUES ('test72', 'test', '이상유', '01060202328', 'test@naver.com');
INSERT INTO kk_member VALUES ('test73', 'test', '염규환', '01021997445', 'test@naver.com');
INSERT INTO kk_member VALUES ('test74', 'test', '오창재', '01038731649', 'test@naver.com');
INSERT INTO kk_member VALUES ('test75', 'test', '정창조', '01099709827', 'test@naver.com');
INSERT INTO kk_member VALUES ('test76', 'test', '류시석', '01089126543', 'test@naver.com');
INSERT INTO kk_member VALUES ('test77', 'test', '최기현', '01091372180', 'test@naver.com');
INSERT INTO kk_member VALUES ('test78', 'test', '심규언', '01015818009', 'test@naver.com');
INSERT INTO kk_member VALUES ('test79', 'test', '이승민', '01060479640', 'test@naver.com');
INSERT INTO kk_member VALUES ('test80', 'test', '최성재', '01085406572', 'test@naver.com');
INSERT INTO kk_member VALUES ('test81', 'test', '변문희', '01069365965', 'test@naver.com');
INSERT INTO kk_member VALUES ('test82', 'test', '유병기', '01023876463', 'test@naver.com');
INSERT INTO kk_member VALUES ('test83', 'test', '김재용', '01035285231', 'test@naver.com');
INSERT INTO kk_member VALUES ('test84', 'test', '박수범', '01054898659', 'test@naver.com');
INSERT INTO kk_member VALUES ('test85', 'test', '송기락', '01042531646', 'test@naver.com');
INSERT INTO kk_member VALUES ('test86', 'test', '김정국', '01028494515', 'test@naver.com');
INSERT INTO kk_member VALUES ('test87', 'test', '금창설', '01019751484', 'test@naver.com');
INSERT INTO kk_member VALUES ('test88', 'test', '임기용', '01057623001', 'test@naver.com');
INSERT INTO kk_member VALUES ('test89', 'test', '차유진', '01089022985', 'test@naver.com');
INSERT INTO kk_member VALUES ('test90', 'test', '송병원', '01019843137', 'test@naver.com');
INSERT INTO kk_member VALUES ('test91', 'test', '심명진', '01096728640', 'test@naver.com');
INSERT INTO kk_member VALUES ('test92', 'test', '권순욱', '01090408081', 'test@naver.com');
INSERT INTO kk_member VALUES ('test93', 'test', '강명오', '01094009664', 'test@naver.com');
INSERT INTO kk_member VALUES ('test94', 'test', '박성진', '01083062471', 'test@naver.com');
INSERT INTO kk_member VALUES ('test95', 'test', '심영진', '01069093634', 'test@naver.com');
INSERT INTO kk_member VALUES ('test96', 'test', '서수민', '01054809043', 'test@naver.com');
INSERT INTO kk_member VALUES ('test97', 'test', '국형주', '01092007160', 'test@naver.com');
INSERT INTO kk_member VALUES ('test98', 'test', '김영균', '01021294243', 'test@naver.com');
INSERT INTO kk_member VALUES ('test99', 'test', '송중기', '01094009664', 'test@naver.com');
INSERT INTO kk_member VALUES ('test100', 'test', '이민우', '0108302471', 'test@naver.com');

INSERT INTO kk_funding VALUES (funding.NEXTVAL,'test1', project.CURRVAL, '1', '50000', '이민형', '서울특별시 중구 을지로 39길 29', '상세주소1', '국민은행', '1111-1111-1441', '11111112','2021/09/21');
INSERT INTO kk_funding VALUES (funding.NEXTVAL,'test2', project.CURRVAL, '1', '50000', '이재구', '충청남도 천안시 동남구 천안대로 357', '상세주소2', '국민은행', '1111-1111-1442', '11111113','2021/09/22');
INSERT INTO kk_funding VALUES (funding.NEXTVAL,'test3', project.CURRVAL, '1', '50000', '나창모', '광주광역시 동구 필문대로 365', '상세주소3', '국민은행', '1111-1111-1443', '11111114','2021/09/23');
INSERT INTO kk_funding VALUES (funding.NEXTVAL,'test4', project.CURRVAL, '1', '50000', '장윤희', '경상남도 양산시 물금읍 금오로 20', '상세주소4', '국민은행', '1111-1111-1444', '11111115','2021/09/24');
INSERT INTO kk_funding VALUES (funding.NEXTVAL,'test5', project.CURRVAL, '1', '50000', '남영희', '대구시 중구 달성로 56', '상세주소5', '국민은행', '1111-1111-1445', '11111116','2021/09/25');
INSERT INTO kk_funding VALUES (funding.NEXTVAL,'test6', project.CURRVAL, '1', '50000', '한수원', '서울특별시 성동구 고산자로 270', '상세주소6', '국민은행', '1111-1111-1446', '11111117','2021/09/26');
INSERT INTO kk_funding VALUES (funding.NEXTVAL,'test7', project.CURRVAL, '1', '50000', '이인구', '부산 부산진구 시민공원로 73', '상세주소7', '국민은행', '1111-1111-1447', '11111118','2021/09/27');
INSERT INTO kk_funding VALUES (funding.NEXTVAL,'test8', project.CURRVAL, '1', '50000', '전철주', '인천광역시 연수구 경원대로 526', '상세주소8', '국민은행', '1111-1111-1448', '11111119','2021/09/28');
INSERT INTO kk_funding VALUES (funding.NEXTVAL,'test9', project.CURRVAL, '1', '50000', '남경철', '광주광역시 서구 금화로 278', '상세주소9', '국민은행', '1111-1111-1449', '11111120','2021/09/29');
INSERT INTO kk_funding VALUES (funding.NEXTVAL,'test10', project.CURRVAL, '1', '50000', '박범준', '대전광역시 유성구 유성대로 978', '상세주소10', '국민은행', '1111-1111-1450', '11111121','2021/09/30');
INSERT INTO kk_funding VALUES (funding.NEXTVAL,'test11', project.CURRVAL, '1', '50000', '봉성균', '울산시 중구 염포로 85', '상세주소11', '국민은행', '1111-1111-1451', '11111122','2021/10/01');
INSERT INTO kk_funding VALUES (funding.NEXTVAL,'test12', project.CURRVAL, '1', '50000', '조정래', '세종특별자치시 달빛1로 227', '상세주소12', '국민은행', '1111-1111-1452', '11111123','2021/10/02');
INSERT INTO kk_funding VALUES (funding.NEXTVAL,'test13', project.CURRVAL, '1', '50000', '김병진', '경기도 수원시 영통구 월드컵로 206', '상세주소13', '국민은행', '1111-1111-1453', '11111124','2021/10/03');
INSERT INTO kk_funding VALUES (funding.NEXTVAL,'test14', project.CURRVAL, '1', '50000', '배동훈', '경기도 고양시 일산동구 호수로 595', '상세주소14', '국민은행', '1111-1111-1454', '11111125','2021/10/04');
INSERT INTO kk_funding VALUES (funding.NEXTVAL,'test15', project.CURRVAL, '1', '50000', '이태헌', '강원도 원주시 서원대로 279', '상세주소15', '국민은행', '1111-1111-1455', '11111126','2021/10/05');
INSERT INTO kk_funding VALUES (funding.NEXTVAL,'test16', project.CURRVAL, '1', '50000', '김창애', '충청북도 청주시 상당구 남일면 단재로 466', '상세주소16', '국민은행', '1111-1111-1456', '11111127','2021/10/06');
INSERT INTO kk_funding VALUES (funding.NEXTVAL,'test17', project.CURRVAL, '1', '50000', '김형옥', '충남 천안시 서북구 번영로 208', '상세주소17', '국민은행', '1111-1111-1457', '11111128','2021/10/07');
INSERT INTO kk_funding VALUES (funding.NEXTVAL,'test18', project.CURRVAL, '1', '50000', '유광훈', '전주시 완산구 백제대로 310', '상세주소18', '국민은행', '1111-1111-1458', '11111129','2021/10/08');
INSERT INTO kk_funding VALUES (funding.NEXTVAL,'test19', project.CURRVAL, '1', '50000', '김회존', '전남 목포시 대양로 286', '상세주소19', '국민은행', '1111-1111-1459', '11111130','2021/10/09');
INSERT INTO kk_funding VALUES (funding.NEXTVAL,'test20', project.CURRVAL, '1', '50000', '김창근', '경북 포항시 남구 희망대로 810', '상세주소20', '국민은행', '1111-1111-1460', '11111131','2021/10/10');
INSERT INTO kk_funding VALUES (funding.NEXTVAL,'test21', project.CURRVAL, '1', '50000', '김성남', '경남 창원시 마산회원구 삼호로 63', '상세주소21', '국민은행', '1111-1111-1461', '11111132','2021/10/11');
INSERT INTO kk_funding VALUES (funding.NEXTVAL,'test22', project.CURRVAL, '1', '50000', '김현철', '제주시 서광로2길 24', '상세주소22', '국민은행', '1111-1111-1462', '11111133','2021/10/12');
INSERT INTO kk_funding VALUES (funding.NEXTVAL,'test23', project.CURRVAL, '2', '100000', '국경옥', '서울특별시 중랑구 사가정로72길47', '상세주소23', '국민은행', '1111-1111-1463', '11111134','2021/10/13');
INSERT INTO kk_funding VALUES (funding.NEXTVAL,'test24', project.CURRVAL, '1', '50000', '박형진', '서울특별시 성북구 보문로 168', '상세주소24', '국민은행', '1111-1111-1464', '11111135','2021/10/14');
INSERT INTO kk_funding VALUES (funding.NEXTVAL,'test25', project.CURRVAL, '1', '50000', '조상원', '서울특별시 노원구 노원로22길 1', '상세주소25', '국민은행', '1111-1111-1465', '11111136','2021/10/15');
INSERT INTO kk_funding VALUES (funding.NEXTVAL,'test26', project.CURRVAL, '1', '50000', '김후규', '서울특별시 은평구 녹번로 16', '상세주소26', '국민은행', '1111-1111-1466', '11111137','2021/10/16');
INSERT INTO kk_funding VALUES (funding.NEXTVAL,'test27', project.CURRVAL, '2', '100000', '조경화', '서울특별시 동작구 사당로27길 232', '상세주소27', '국민은행', '1111-1111-1467', '11111138','2021/10/17');
INSERT INTO kk_funding VALUES (funding.NEXTVAL,'test28', project.CURRVAL, '1', '50000', '강승우', '서울특별시 송파구 양산로15', '상세주소28', '국민은행', '1111-1111-1468', '11111139','2021/10/18');
INSERT INTO kk_funding VALUES (funding.NEXTVAL,'test29', project.CURRVAL, '1', '50000', '엄미자', '부산광역시 남구 백운포로 110', '상세주소29', '국민은행', '1111-1111-1469', '11111140','2021/10/19');
INSERT INTO kk_funding VALUES (funding.NEXTVAL,'test30', project.CURRVAL, '1', '50000', '김성하', '인천광역시 서구 봉수대로 806', '상세주소30', '국민은행', '1111-1111-1470', '11111141','2021/10/20');
INSERT INTO kk_funding VALUES (funding.NEXTVAL,'test31', project.CURRVAL, '1', '50000', '김종춘', '광주광역시 남구 화산로 110', '상세주소31', '국민은행', '1111-1111-1471', '11111142','2021/10/21');
INSERT INTO kk_funding VALUES (funding.NEXTVAL,'test32', project.CURRVAL, '1', '50000', '이금숙', '울산광역시 남구 여천로 38', '상세주소32', '국민은행', '1111-1111-1472', '11111143','2021/10/22');
INSERT INTO kk_funding VALUES (funding.NEXTVAL,'test33', project.CURRVAL, '1', '50000', '제순경', '경기도 성남시 분당구 탄천로 215', '상세주소33', '국민은행', '1111-1111-1473', '11111144','2021/10/23');
INSERT INTO kk_funding VALUES (funding.NEXTVAL,'test34', project.CURRVAL, '2', '100000', '신원삼', '경기도 안양시 동안구 평촌대로 389', '상세주소34', '국민은행', '1111-1111-1474', '11111145','2021/10/24');
INSERT INTO kk_funding VALUES (funding.NEXTVAL,'test35', project.CURRVAL, '1', '50000', '안현규', '경기도 남양주시 다산 지금로 91', '상세주소35', '국민은행', '1111-1111-1475', '11111146','2021/10/25');
INSERT INTO kk_funding VALUES (funding.NEXTVAL,'test36', project.CURRVAL, '1', '50000', '김해정', '강원도 강릉시 종합운동장길 72-25', '상세주소36', '국민은행', '1111-1111-1476', '11111147','2021/10/26');
INSERT INTO kk_funding VALUES (funding.NEXTVAL,'test37', project.CURRVAL, '1', '50000', '김명진', '강원도 춘천시 평화로 25', '상세주소37', '국민은행', '1111-1111-1477', '11111148','2021/10/27');
INSERT INTO kk_funding VALUES (funding.NEXTVAL,'test38', project.CURRVAL, '1', '50000', '변옥희', '강원도 삼척시 교동 243-13', '상세주소38', '국민은행', '1111-1111-1478', '11111149','2021/10/28');
INSERT INTO kk_funding VALUES (funding.NEXTVAL,'test39', project.CURRVAL, '2', '100000', '고영선', '충청북도 충주시 예성로 266', '상세주소39', '국민은행', '1111-1111-1479', '11111150','2021/10/29');
INSERT INTO kk_funding VALUES (funding.NEXTVAL,'test40', project.CURRVAL, '1', '50000', '김주경', '충청북도 음성군 설성로 47', '상세주소40', '국민은행', '1111-1111-1480', '11111151','2021/10/30');
INSERT INTO kk_funding VALUES (funding.NEXTVAL,'test41', project.CURRVAL, '1', '50000', '차정돈', '충청남도 아산시 남부로 370-24', '상세주소41', '국민은행', '1111-1111-1481', '11111152','2021/10/31');
INSERT INTO kk_funding VALUES (funding.NEXTVAL,'test42', project.CURRVAL, '1', '50000', '이재봉', '충청남도 논산시 체육로 110', '상세주소42', '국민은행', '1111-1111-1482', '11111153','2021/11/01');
INSERT INTO kk_funding VALUES (funding.NEXTVAL,'test43', project.CURRVAL, '2', '100000', '진혜정', '전라북도 군산시 번영로 281', '상세주소43', '국민은행', '1111-1111-1483', '11111154','2021/11/02');
INSERT INTO kk_funding VALUES (funding.NEXTVAL,'test44', project.CURRVAL, '1', '50000', '진현태', '전라북도 정읍시 서부로 9', '상세주소44', '국민은행', '1111-1111-1484', '11111155','2021/11/03');
INSERT INTO kk_funding VALUES (funding.NEXTVAL,'test45', project.CURRVAL, '1', '50000', '성현영', '전라북도 남원시 충정로 341', '상세주소45', '국민은행', '1111-1111-1485', '11111156','2021/11/04');
INSERT INTO kk_funding VALUES (funding.NEXTVAL,'test46', project.CURRVAL, '1', '50000', '이동열', '전라남도 여수시 선소로 93', '상세주소46', '국민은행', '1111-1111-1486', '0','2021/11/05');
INSERT INTO kk_funding VALUES (funding.NEXTVAL,'test47', project.CURRVAL, '1', '50000', '김형철', '전라남도 순천시 중앙로 235', '상세주소47', '국민은행', '1111-1111-1487', '0','2021/11/06');
INSERT INTO kk_funding VALUES (funding.NEXTVAL,'test48', project.CURRVAL, '2', '100000', '김광수', '경상남도 진주시 남강로 1655', '상세주소48', '국민은행', '1111-1111-1488', '0','2021/11/07');
INSERT INTO kk_funding VALUES (funding.NEXTVAL,'test49', project.CURRVAL, '2', '100000', '한대웅', '경상남도 통영시 북문2길 34', '상세주소49', '국민은행', '1111-1111-1489', '0','2021/11/08');
INSERT INTO kk_funding VALUES (funding.NEXTVAL,'test50', project.CURRVAL, '1', '50000', '이수복', '서울특별시 중구퇴계로 387', '상세주소50', '국민은행', '1111-1111-1490', '0','2021/11/09');
INSERT INTO kk_funding VALUES (funding.NEXTVAL,'test51', project.CURRVAL, '1', '50000', '이현욱', '부산광역시 금정구 체육공원로 7', '상세주소51', '국민은행', '1111-1111-1491', '0','2021/11/10');
INSERT INTO kk_funding VALUES (funding.NEXTVAL,'test52', project.CURRVAL, '1', '50000', '문만수', '부산광역시 북구 금곡대로 46번길 50', '상세주소52', '국민은행', '1111-1111-1492', '0','2021/11/11');
INSERT INTO kk_funding VALUES (funding.NEXTVAL,'test53', project.CURRVAL, '1', '50000', '이정순', '인천광역시 부평구 체육관로 60', '상세주소53', '국민은행', '1111-1111-1493', '0','2021/11/12');
INSERT INTO kk_funding VALUES (funding.NEXTVAL,'test54', project.CURRVAL, '2', '100000', '이재학', '대구광역시 동구 효동로2길 24', '상세주소54', '국민은행', '1111-1111-1494', '0','2021/11/13');
INSERT INTO kk_funding VALUES (funding.NEXTVAL,'test55', project.CURRVAL, '1', '50000', '이장원', '대구광역시 달서구 성서공단로22길 25', '상세주소55', '국민은행', '1111-1111-1495', '0','2021/11/14');
INSERT INTO kk_funding VALUES (funding.NEXTVAL,'test56', project.CURRVAL, '1', '50000', '김종희', '울산광역시 북구 산업로 1020', '상세주소56', '국민은행', '1111-1111-1496', '0','2021/11/15');
INSERT INTO kk_funding VALUES (funding.NEXTVAL,'test57', project.CURRVAL, '1', '50000', '엄유신', '경기 안산시 단원구 적금로202', '상세주소57', '국민은행', '1111-1111-1497', '0','2021/11/16');
INSERT INTO kk_funding VALUES (funding.NEXTVAL,'test58', project.CURRVAL, '2', '100000', '민혜미', '경기 용인시 처인구 동백죽전대로 61', '상세주소58', '국민은행', '1111-1111-1498', '0','2021/11/17');
INSERT INTO kk_funding VALUES (funding.NEXTVAL,'test59', project.CURRVAL, '1', '50000', '김종현', '경기 화성시 여울로2길 33', '상세주소59', '국민은행', '1111-1111-1499', '0','2021/11/18');
INSERT INTO kk_funding VALUES (funding.NEXTVAL,'test60', project.CURRVAL, '1', '50000', '이명숙', '경기 시흥시 정왕대로 233번길 21', '상세주소60', '국민은행', '1111-1111-1500', '0','2021/11/19');
INSERT INTO kk_funding VALUES (funding.NEXTVAL,'test61', project.CURRVAL, '1', '50000', '김갑진', '충남 서산시 안견로 661', '상세주소61', '국민은행', '1111-1111-1501', '0','2021/11/20');
INSERT INTO kk_funding VALUES (funding.NEXTVAL,'test62', project.CURRVAL, '1', '50000', '정영주', '전남 광양시 광양읍 매천로 695-20', '상세주소62', '국민은행', '1111-1111-1502', '0','2021/11/21');
INSERT INTO kk_funding VALUES (funding.NEXTVAL,'test63', project.CURRVAL, '1', '50000', '여현주', '전남 구례군 구례읍 서시천로 76-11', '상세주소63', '국민은행', '1111-1111-1503', '0','2021/11/22');
INSERT INTO kk_funding VALUES (funding.NEXTVAL,'test64', project.CURRVAL, '1', '50000', '박원욱', '전남 해남군 해남로 46', '상세주소64', '국민은행', '1111-1111-1504', '0','2021/11/23');
INSERT INTO kk_funding VALUES (funding.NEXTVAL,'test65', project.CURRVAL, '2', '100000', '강경희', '전남 영광군 영광읍 월현로 170', '상세주소65', '국민은행', '1111-1111-1505', '0','2021/11/24');
INSERT INTO kk_funding VALUES (funding.NEXTVAL,'test66', project.CURRVAL, '1', '50000', '권상태', '경북 포항시 북구 새천년대로1460', '상세주소66', '국민은행', '1111-1111-1506', '0','2021/11/25');
INSERT INTO kk_funding VALUES (funding.NEXTVAL,'test67', project.CURRVAL, '1', '50000', '조창기', '경북 안동시 육사로 205', '상세주소67', '국민은행', '1111-1111-1507', '11111178','2021/11/26');
INSERT INTO kk_funding VALUES (funding.NEXTVAL,'test68', project.CURRVAL, '1', '50000', '유병우', '경북 영천시 운동장로 55', '상세주소68', '국민은행', '1111-1111-1508', '11111179','2021/11/27');
INSERT INTO kk_funding VALUES (funding.NEXTVAL,'test69', project.CURRVAL, '2', '100000', '김미영', '경북 고령군 대가야읍 주산순환길 91', '상세주소69', '국민은행', '1111-1111-1509', '11111180','2021/09/21');
INSERT INTO kk_funding VALUES (funding.NEXTVAL,'test70', project.CURRVAL, '1', '50000', '정성모', '경북 칠곡군 왜관읍 관문로 1길 32', '상세주소70', '국민은행', '1111-1111-1510', '11111181','2021/09/22');
INSERT INTO kk_funding VALUES (funding.NEXTVAL,'test71', project.CURRVAL, '1', '50000', '서지혜', '서울특별시 구로구 가마산로25길 21', '상세주소71', '국민은행', '1111-1111-1511', '11111182','2021/09/23');
INSERT INTO kk_funding VALUES (funding.NEXTVAL,'test72', project.CURRVAL, '1', '50000', '이상유', '서울특별시 용산구 녹사평대로 150', '상세주소72', '국민은행', '1111-1111-1512', '11111183','2021/09/24');
INSERT INTO kk_funding VALUES (funding.NEXTVAL,'test73', project.CURRVAL, '2', '100000', '염규환', '서울특별시 광진구 뚝섬로52길 66', '상세주소73', '국민은행', '1111-1111-1513', '11111184','2021/09/25');
INSERT INTO kk_funding VALUES (funding.NEXTVAL,'test74', project.CURRVAL, '1', '50000', '오창재', '서울특별시 강북구 삼각산로 85', '상세주소74', '국민은행', '1111-1111-1514', '11111185','2021/09/26');
INSERT INTO kk_funding VALUES (funding.NEXTVAL,'test75', project.CURRVAL, '1', '50000', '정창조', '서울특별시 도봉구 노해로69길 132', '상세주소75', '국민은행', '1111-1111-1515', '11111186','2021/09/27');
INSERT INTO kk_funding VALUES (funding.NEXTVAL,'test76', project.CURRVAL, '1', '50000', '류시석', '서울특별시 양천구 목동동로 81', '상세주소76', '국민은행', '1111-1111-1516', '11111187','2021/09/28');
INSERT INTO kk_funding VALUES (funding.NEXTVAL,'test77', project.CURRVAL, '1', '50000', '최기현', '서울특별시 강서구 허준로 221-22(가양동)', '상세주소77', '국민은행', '1111-1111-1517', '11111188','2021/09/29');
INSERT INTO kk_funding VALUES (funding.NEXTVAL,'test78', project.CURRVAL, '1', '50000', '심규언', '서울특별시 금천구 독산동 1148', '상세주소78', '국민은행', '1111-1111-1518', '0','2021/09/30');
INSERT INTO kk_funding VALUES (funding.NEXTVAL,'test79', project.CURRVAL, '1', '50000', '이승민', '서울특별시 영등포구 국회대로 596', '상세주소79', '국민은행', '1111-1111-1519', '0','2021/10/01');
INSERT INTO kk_funding VALUES (funding.NEXTVAL,'test80', project.CURRVAL, '2', '100000', '최성재', '서울특별시 관악구 낙성대로3길 37', '상세주소80', '국민은행', '1111-1111-1520', '0','2021/10/02');
INSERT INTO kk_funding VALUES (funding.NEXTVAL,'test81', project.CURRVAL, '1', '50000', '변문희', '서울특별시 강동구 상암로 168', '상세주소81', '국민은행', '1111-1111-1521', '0','2021/10/03');
INSERT INTO kk_funding VALUES (funding.NEXTVAL,'test82', project.CURRVAL, '1', '50000', '유병기', '서울특별시 서초구 강남대로 201', '상세주소82', '국민은행', '1111-1111-1522', '0','2021/10/04');
INSERT INTO kk_funding VALUES (funding.NEXTVAL,'test83', project.CURRVAL, '1', '50000', '김재용', '서울특별시 종로구 지봉로5길 7-5', '상세주소83', '국민은행', '1111-1111-1523', '0','2021/10/05');
INSERT INTO kk_funding VALUES (funding.NEXTVAL,'test84', project.CURRVAL, '1', '50000', '박수범', '서울특별시 동대문구 답십리로 210-3', '상세주소84', '국민은행', '1111-1111-1524', '0','2021/10/06');
INSERT INTO kk_funding VALUES (funding.NEXTVAL,'test85', project.CURRVAL, '1', '50000', '송기락', '서울특별시 서대문구 북아현로 51', '상세주소85', '국민은행', '1111-1111-1525', '0','2021/10/07');
INSERT INTO kk_funding VALUES (funding.NEXTVAL,'test86', project.CURRVAL, '1', '50000', '김정국', '서울특별시 마포구 월드컵로25길 190', '상세주소86', '국민은행', '1111-1111-1526', '0','2021/10/08');
INSERT INTO kk_funding VALUES (funding.NEXTVAL,'test87', project.CURRVAL, '1', '50000', '금창설', '서울특별시 강남구 일원동 4-12', '상세주소87', '국민은행', '1111-1111-1527', '0','2021/10/09');
INSERT INTO kk_funding VALUES (funding.NEXTVAL,'test88', project.CURRVAL, '1', '50000', '임기용', '대구광역시 북구 고성로 191 (고성동3가)', '상세주소88', '국민은행', '1111-1111-1528', '0','2021/10/10');
INSERT INTO kk_funding VALUES (funding.NEXTVAL,'test89', project.CURRVAL, '1', '50000', '차유진', '대구광역시 서구 문화로 72 (이현동)', '상세주소89', '국민은행', '1111-1111-1529', '0','2021/10/11');
INSERT INTO kk_funding VALUES (funding.NEXTVAL,'test90', project.CURRVAL, '2', '100000', '송병원', '인천광역시 동구 염전로 30', '상세주소90', '국민은행', '1111-1111-1530', '0','2021/10/12');
INSERT INTO kk_funding VALUES (funding.NEXTVAL,'test91', project.CURRVAL, '1', '50000', '심명진', '인천광역시 강화군 강화읍 고비고개로19번길 12', '상세주소91', '국민은행', '1111-1111-1531', '0','2021/10/13');
INSERT INTO kk_funding VALUES (funding.NEXTVAL,'test92', project.CURRVAL, '1', '50000', '권순욱', '광주광역시 동구 남문로 646, 4층', '상세주소92', '국민은행', '1111-1111-1532', '0','2021/10/14');
INSERT INTO kk_funding VALUES (funding.NEXTVAL,'test93', project.CURRVAL, '1', '50000', '강명오', '광주광역시 북구 우치로 91, 전남대학교', '상세주소93', '국민은행', '1111-1111-1533', '0','2021/10/15');
INSERT INTO kk_funding VALUES (funding.NEXTVAL,'test94', project.CURRVAL, '1', '50000', '박성진', '서울특별시 마포구 월드컵로25길 190', '상세주소94', '국민은행', '1111-1111-1534', '0','2021/10/16');
INSERT INTO kk_funding VALUES (funding.NEXTVAL,'test95', project.CURRVAL, '1', '50000', '심영진', '대전광역시 동구 가양로 9', '상세주소95', '국민은행', '1111-1111-1535', '0','2021/10/17');
INSERT INTO kk_funding VALUES (funding.NEXTVAL,'test96', project.CURRVAL, '1', '50000', '서수민', '대전광역시 중구 대종로 373(부사동)', '상세주소96', '국민은행', '1111-1111-1536', '0','2021/10/18');
INSERT INTO kk_funding VALUES (funding.NEXTVAL,'test97', project.CURRVAL, '1', '50000', '국형주', '대전광역시 서구 배재로197번길 41(도마동)', '상세주소97', '국민은행', '1111-1111-1537', '0','2021/10/19');
INSERT INTO kk_funding VALUES (funding.NEXTVAL,'test98', project.CURRVAL, '1', '50000', '김영균', '대전광역시 대덕구 쌍청당로 25', '상세주소98', '국민은행', '1111-1111-1538', '0','2021/10/20');
INSERT INTO kk_funding VALUES (funding.NEXTVAL,'test99', project.CURRVAL, '1', '50000', '송중기', '울산광역시 동구 봉수로 285', '상세주소99', '국민은행', '1111-1111-1539', '0','2021/10/21');
INSERT INTO kk_funding VALUES (funding.NEXTVAL,'test100', project.CURRVAL, '1', '50000', '이민우', '울산광역시 울주군 범서읍 구영로 101-16', '상세주소100', '국민은행', '1111-1111-1540', '0','2021/10/22');
commit;

